inspiring,not inspiring
18ypya,5s6czm
8u3p2f,2q1xjz
194wmf,16ff5p
1h8ctp,18fto4
17pkxd,671m2n
16duj6,8xm9kp
15z0ot,6akn1w
6n55m6,16ir15
16c0zm,16h7mw
1828h3,t3_16wirc
16wkh9,1hst0u
18pjhq,8kq1n2
16a3y8,4j1zlh
18osg5,17igb1
16vjbn,4jdq8a
16bqfa,921984
177fzp,3rexpn
16bwx9,6efdsc
18tjjv,33ok3r
16z0sl,18jifv
15s03o,15rc75
37lb37,t1_c80012f
2vg0be,80d3cq
165p4f,16u8ae
50cy4q,7qhmrb
184yf5,38cq4p
6mmhoe,5oengw
16poae,4t0g6m
922eg4,4ufok1
16f26i,30hffx
15ri3o,69f38n
18sqte,7kc86h
18htqp,248k5k
16iect,16ulue
2golaf,4pyiks
57q3fu,193mdl
2c5f1j,7o3wez
16pg8n,3zwlef
70e4f8,29478l
16ty9c,18ak6v
160kvr,8rygxk
8za6t4,5gtp1i
17sb45,2wb6g7
1quyy6,6sq8k1
17hnfc,4xb4ot
16alk0,1qwtxu
7s06pr,34mcoz
18zkmq,79m88h
16vssn,34rvar
18nk5k,1w49jg
17ok8r,5h1hw8
187e8r,16kjwy
169174,185rob
5960mn,2azl73
16rlxz,4o9xdq
1834vr,3wt7sn
50jbuw,16gzvy
1973tm,4soigx
16mqki,16k868
174lt5,2q3mwv
1lz13a,2tnhaz
5j6r56,199fxw
18ikcg,18uyya
11evx0,15sh9z
18jmll,t3_16wirc
18owb7,16d2p8
4h8g5j,2t8u08
16yg0s,19iff4
5pbwfz,t1_c801vfi
18ssv9,5omo9o
191ylv,16ap6p
16lh31,4iuvuz
1620zq,98m5k3
16u34x,5dk3ud
16j81z,18f765
16ric6,t1_c804ftc
17et63,8ozh76
7v97bg,1iipbh
6u4btq,4eru3d
16gthp,16m07w
18khn5,6o1k4a
1703dm,8us2hh
177po9,1pwnlg
4m9839,6hkw5r
17bpeo,5twu6y
17xhxd,68wjfq
18za37,4bbaf1
16ztcf,481rdy
18c74t,184eiq
1669tj,8qoory
16s2s3,t1_c8002z7
197ji0,81si89
8pyk5i,16h5pp
16iiv5,5rx33p
16y9xl,183nlx
53y6fh,7xz3yy
1833cg,7tyd0e
7bsx6m,96wnfa
15rbvx,8yfr9x
18pik4,t1_c8024uu
7adjs9,1nn9ed
18d9vo,8j5fxt
15s03o,5ugj6u
184rnp,t3_16wirc
16pk40,170k77
16lm2n,3t0bzr
9490d5,3gnmgn
164lyz,168umc
16icpn,54waxd
4cpzy9,3uf9al
18089b,2f9t8x
174cxr,175hjg
6e9uyt,5s9tvw
195ti5,181750
191zgt,t1_c7s9d3b
17t0y9,7mgr43
167b7r,5x16zk
4gatz4,2s2xxl
183oqm,718qwh
1rwda9,89tqrg
179zgk,160x86
17z3mh,180n41
18nqzv,4ajzvr
17ypny,4t188v
17jpl5,169383
96w3zi,80uwt0
16v0xd,3mxhff
16ox3s,4d506t
17b2v5,3xkxx4
161z7g,4l9scw
18bhme,7kzhza
18bhme,8kq1n2
4dc94s,16pl4l
16ibjx,16uin6
18bc31,5qr4dp
1837oa,1u3hbo
161buk,4bzm4l
4vmsca,1lfgcj
18c1an,t1_c802iro
18hpnv,165vb9
17e1ue,7dmj62
504yjm,31lb05
16unxj,5cl4yz
16ovcs,17n2nh
35c1id,34rvar
167niz,2ycr50
164aa6,8jbnda
175tp8,64iefj
18ngcg,1xajoj
5zbek1,5yd0ni
17m7lu,2axk65
18g2ua,3syajk
15x9qc,17n007
16pfgn,7k0qie
18555b,2ioi9h
17yg9j,1s2v24
17bk9u,46gzjf
15xcaz,47f2dx
17e2tk,2xkspc
8rqki3,18jxh6
5rq1q8,174i51
185xdl,37lwxc
18jjba,2olq11
65mqqa,160kzy
16mq0g,18qy6v
16e33q,1knpsj
18j843,6xrxv8
4usplx,16srub
178p36,5wr7aq
18zbis,869xqv
18r5ji,4pccfy
17728x,t3_16wirc
18caxd,15q8vt
1596po,16v6el
18qqne,4cdwjd
16duj6,16y8ne
17f5mr,5qqfpe
165jzi,6o7dmn
16r1g4,t1_c800pdv
18bmy6,72bmwt
1664c8,6wmw5m
15q41s,38b5ya
186g0j,5257qi
73okvg,7sbjla
16y5it,t1_c8016m2
16zuja,3ho656
15tgaf,16xoh3
18b8qu,8ajxo5
4jgxgj,18rblj
17ozoz,6apx7i
183c6y,16xrv8
17tszf,15s1xg
61s2tp,3esk5w
18px3j,7a54tx
17mxn3,444drb
169ga7,79bdwy
234ukh,4mjajt
18b6kg,1693ow
9281mf,184pbh
16h3hk,2cl5yf
188tuu,4ixkr6
1947zi,16egj3
15t37q,175p7x
17s7wt,18caq2
15rsrj,3gll14
16rsb8,8dpokw
6i05x8,5qyl96
2bm47u,29glgd
185xdl,7jagrp
18jifv,18hzdc
17ojfq,2rj91u
445m8q,3y5lc3
17do2z,17c7ba
4hgo3x,5cu34o
1855ds,4hx8ld
7x0cj8,t3_16wirc
15td1p,82pijt
3r4mch,17qvsa
15bua7,81lqys
3rjmx2,3lw2us
18bhme,945oho
17kpah,16qpk8
7ktgsf,4b7v4l
192z6f,17ovhr
17sfl2,7rtgtx
16kumc,1ifnmi
16zb41,t3_16wirc
175rt1,4cg4nd
17tz0y,2wj2po
43wrdk,89sp04
1703ei,2uai6s
17wshb,70v1iz
66ewzz,161onn
18rblj,3l7434
17oz1z,2zswsg
17pg6c,168q6p
7p3c4h,8q4ara
17quyl,5g7bc5
16opc1,75bbls
162mnx,1673k1
42cw7q,17bu9i
16mq0g,2qqdfb
17ebsi,2bi4z3
16dlvk,17hweg
16fllu,16b4vm
54zxbr,2ygm5r
5ycvgv,5xus4m
24ydah,1t7wlg
26jvo8,1863sk
16u6k8,15t1um
16mr7t,1sikkf
15vvtb,4jct14
17wsgw,15xun3
176u81,3eiw72
17vrkn,1prkbb
5g4fc5,7qk3xi
17jh1u,763z74
176n6a,44sqgv
343yii,1fqdxc
1scj45,16shbg
16fqrw,1nz6ir
17ki1r,6796p2
17hri3,8hn9nv
16k0uv,3cpt66
15q55e,5lmms5
16fynz,t1_c801937
18ghep,18k0nz
1dkn28,16s08z
177fzp,65do4c
18vxuo,59uui4
35ck80,188kcv
3pr0zr,177fzp
16p50f,162o3v
193ybv,16fhlq
174lt5,17qkcf
18mane,3fwuci
17fiju,4fjjkg
17kpck,86adkg
15yzhk,5y8kam
18otwi,162vd5
180pk7,3rergp
16apq2,1o9ogz
17dyz5,3fmnrc
17yluc,176pll
180i82,16cqfu
15s3ip,2z60eq
1uxidk,1och2d
2fz2iq,2egijb
18bhme,4fvjn8
17yg9j,4h42wh
164i9m,4b52sd
18bj01,1q6mlc
18qplm,18fc0o
1749qz,4kq83p
18bhme,60p2ha
191uxj,4tnpxa
16seq9,17lpx3
18rokn,165drx
16duj6,8nb7in
16n847,180z5l
4ltsid,37ksqy
169hb6,17tgf5
164f1a,5334po
18m21r,t1_c802b3o
17a3ko,7dmgqz
8zfcim,4ik2ya
16o7f4,4zpnj0
18k95j,3ei14f
35gset,3lqa5g
17n1ab,16yg7j
160ef8,89mntz
63fcmk,8yla7z
16392l,17ej1k
16fnt3,6wiqa0
17fvix,7issjh
16o4il,8nqedc
3daq4u,18jybl
16bq23,76qbkq
4xwk2l,7df9cj
17zyk1,4cc9kw
16lffx,5e078g
4m4dxx,t1_c8020do
3tovx7,93m3yj
1749qz,1c2qse
16bri5,17x5y0
5wirvl,8iks8o
192oyo,8pw0h3
8x3ngp,8awpmr
17btma,16mq0g
162ufe,5rslly
1nbmjc,t3_16wirc
18lojj,18okk9
160fnk,4usj4d
18bd8d,5sh4rd
3mgczr,5zjrti
16wtvc,2revdl
16rkzw,8wenyj
18o9xa,7dhnzd
175gen,8kvrm2
16627c,1751tn
18dogy,4o6wcx
16srub,187w9j
16r5kj,6ni7j3
18ikzp,5krlu6
18bhme,6oblh6
18e4s6,5s9cat
18kfyo,419d37
45745p,t1_c804925
4pkhn4,t1_c80215o
18p5zu,2gr4i0
17glpc,18iur4
16w640,4wed9l
2b8xu7,15qz58
8wkxkk,182cod
17ez4e,23gg0o
17aah8,7l9whg
2dtqm5,34yxfn
188xrl,16jep8
18ekqv,4lawmr
16kzx7,18qdfk
4kk5cn,16z2xs
8z2k90,t3_16wirc
162w5p,18j33i
15slp8,3395ai
5vc7nf,5j53x7
59i046,6gq8qp
1782rk,182d3w
1914kk,5uv2tz
1x0ung,3hfc2e
16bq23,7z8h50
8dfc3w,2anq6p
6d77dq,76mwha
6eq8rs,17ka96
2w32xu,15yg7s
16qt3i,7my4x1
16rrob,170a00
18dzgn,48d80s
165p4f,6aq1vh
15x8i6,16duj6
180rw0,175u5e
189zwr,1897sc
16w1vu,1dn8ro
4l5815,47epl0
976t41,t1_c802plz
16mq0g,622wft
15rb1k,1640ox
1625zm,555z1e
16uin6,t3_17ok2p
8kza8u,1ambfa
74jsdu,17b8mj
3fc5ei,184td4
17zf1y,5akdqg
16mdpu,t1_c8008gx
18r5ji,t3_16wirc
174ja8,t1_c8023id
16w7zr,5qey36
17zm35,8kq1n2
18pik4,5j2brh
18om2t,91bh0b
7yyehj,26s7bj
8sclm3,1bylnd
17fl73,2d92ln
18ofwm,4w6xng
7jlr2q,174n4h
8mnpox,18r5ji
2em4wb,16zo6y
168bc5,704c3n
17fsdt,183ei2
16hu8k,2rcr04
160fmp,16nfeh
15t1mr,555z1e
15s03o,4rrmlw
15ysp7,5fol28
1784zy,1612o6
5d04rc,t3_16wirc
160u0y,95qg7t
16ie1q,5zgie6
1962oo,18i13g
71570a,17v2hd
177u4a,t1_c801f29
18m9yh,6vpwwu
171p5q,90jc7g
1rwqwf,t1_c800kxy
6u9y8z,164j68
184qgh,5sfa9i
188vsk,8rzx88
16n9bu,2glhth
8s1bxn,185xdl
180a4x,165yxw
17vliz,18bzi4
16ohnq,2087jm
16vohl,6zxiv0
17l1i2,7a4yfs
16zx4g,770x6s
1752ws,t1_c807ik7
3tw69o,2c5w69
174d5p,5vlvcp
180ez3,5yj7ca
166p9x,5gihz7
17zi7y,2or0h1
18bhme,4xcodj
16lcax,8chq2s
184nqb,15vval
1986oi,16n059
1932ad,8ees15
174ms4,17gkig
6wtke9,17hzug
87dbm0,t1_c800yya
18d9u0,160vjg
196yyg,6aid49
16raqm,2ns3ss
16iu4a,17kl6b
4fflc9,17gugp
18sqnp,1qmt3e
18bonm,2p6grf
18pwvq,15s7t5
17ar12,4wqwfx
16c648,18azyn
7kqco5,4oz73s
16mq0g,18hryz
16mq0g,164tv9
185xdl,75rfue
16duj6,6rdh7o
1pt572,2iumt3
1663qx,1bqmdn
18c01r,2o1j4k
1860vu,70l7sz
1880b8,8pyevf
17scop,5so16l
185xdl,4v80cm
1771la,92wt9z
18kga1,8z68m2
16p1r9,1x0ung
16lvu2,7yyxyw
18nqa9,1mtbdj
15wak7,7et1t9
17mnds,6bylu7
17rxx9,64lfdl
16epwh,18fdu5
17m285,6lo4op
8p7cqs,8b3c79
16hsgf,8ewkqz
17u8jv,4v4jgr
16bfj3,4o81zy
17y7un,8lga94
18bd76,15ja0v
17oxsw,34bmum
6eu8ka,683fwg
16map0,t1_c805zs7
4143hm,7xv2f2
169hb6,8oec85
174s0x,17icuh
16x2l7,t3_16wirc
1890ov,8u500q
17yyc1,18ak6v
1631u2,4abd2w
161t9n,862yu6
26c81b,1dbwab
16g3ps,18bhme
16ad22,7di16x
15wtf9,t3_16wirc
49jkhn,865kh4
16sbdq,4ixkr6
186qzh,2g0t1d
15z84z,7d3pgs
8qtkii,t1_c802v5y
18ij45,79ol1y
191y4x,8sr67i
16bpcx,17f5yg
34mcoz,6pm2q0
182ut5,16zp7w
16bss5,17zqo0
15q8cb,16kif7
16ij6f,1knchk
16ny4j,56xlpo
17rdgs,162jl0
6guhhs,18ugz7
7tikp4,607z3z
18dweq,16am85
16dqi5,2moyiz
177fzp,3sj2ed
47grmb,62q5p4
18igek,59plnp
16tcos,823db9
16xtzz,1h6peb
192r9k,t1_c803iyb
6cspoo,188zwx
16wq8n,6onujl
16yax6,17c5rr
162axb,16jtpa
1800ce,t1_c800vgt
17xsbi,1x2sll
1a21kb,50zdtd
149ofe,1gptov
18vrb1,18nla4
18re74,8ijutb
18qpxa,16heh2
1763ou,2mhnge
17oxaz,1be34v
18itns,1802p1
18d9rd,16vldw
5vwnj0,7lj09u
71s7qq,8sxzk9
17045v,16mv6e
192xmb,2zqi0v
18v64j,18kwka
17l1i2,4o4rhv
2sfkk4,2696ha
196s0q,17gl6r
1d4mtm,2x6qvu
15wgx0,185pc8
17pz1p,18l4lv
18fzmp,5g2dl1
16jsb8,7kvyte
185xdl,17mst9
15y0wn,1sajia
19459m,34mcoz
16au9e,8yj1tf
18guvj,17frb8
17ebxt,17902o
17xct5,1hgzng
160s10,6v5o90
18m2gr,2rcxgc
194boj,t1_c803u6p
15tdoh,5r48ww
89h0ub,16vt7b
3fahpe,42uc5t
7g5xsh,4to07i
15s7t5,4ek3wh
17xs28,t3_16wirc
15sjeb,1gnj08
17vm64,57h66h
166wpd,167xea
180ez3,3wrxeu
16f1es,2j7sm5
1852e6,8gqbhi
79w6vv,6e0ox9
16show,4sil7z
1749qz,8aq058
849zxs,t1_c803n1a
2lsf5y,16gdqm
6vv1i4,401q8k
6k2x55,5pw19y
17qakh,87j4ps
171x5d,2fxd94
8l1h9a,21brkw
16jtb0,15troo
16d9hv,8papt6
7osxph,t1_c803rhw
16bq23,2vo2mz
17p6ve,8ptrwa
2zu67z,t1_c800ygw
16mrxl,3oy3g4
15vnn9,7nipso
1651zb,57r6ea
17j81l,2rp62n
16uqcr,3lh8oq
8v63xc,179kye
2sgc3q,17x2x5
16mzvf,t1_c8023lr
16yecc,4aps3w
16oq8z,6cyhgb
3fnraz,17abkz
17mqn9,2qb3nf
1witn6,3dm6vs
16q0ur,34mcoz
16e770,17euhf
2o0cst,7co9fy
329dl8,1720n9
18n0rb,18pedi
2ahn89,185kmw
161br6,20w2g2
15tncu,1wdqjt
4ixacy,5kf8bs
172ny7,17gtfa
16wet9,7sepwz
28zpij,4j7dqf
18j8n6,6ybqaa
16s77z,18riyq
16l1md,4j3sgl
54uxwa,18frql
18pik4,314rql
18powt,3eia5z
1848vc,t3_16wirc
189dsq,187ypo
624ezc,2gmgqf
15zctz,4rdb6s
165sab,3u6o5s
17oxdi,18l9d6
3zrrny,2ftszi
17n07q,7osxph
18ttsq,6wiqa0
171veh,3fokep
15jye3,16eckq
17h0rp,8qjzjp
167ovf,2qb3nf
18wkfd,16k4c8
183vv8,81u91b
2ra4o0,3cfpby
18ozgj,t1_c8blxzj
4fo358,5547s4
172yvj,69ts8n
18ym35,30pwsg
18h1jl,1p7nu6
3bg8x7,20tf8u
170j68,5gu1oh
16m45h,17p4oa
18pik4,t1_c800pji
17fj8e,6w7qyl
18bop6,1txyda
17j08y,15q3e8
16mq0g,165z6g
16hdfn,6mx4e5
15v3bw,7e76li
164h75,163j7r
zzp3x,746zip
18oni6,7r6x71
18kvkb,16lba0
18bhme,60iwu2
3u9fuu,6pybyu
16th9y,5ehsa9
16fgi6,16a3ix
18tj1f,t1_c8027co
18aj5e,67p2mg
17jsvl,8hru3k
18f8hc,5r4hxi
17rcs5,92mg6q
177fzp,6bo1kp
161r82,4ljn4t
1vcdos,6fcs4w
16mq0g,87dtvx
162rej,2r3dd7
1668t8,4249ip
147zr4,179u4d
17dqxa,15wxnq
10kf45,5s74ko
17iiwc,18bhme
16mq0g,6onlks
4u0wzm,17pi12
16duj6,t3_16wirc
18sx1b,16bw4z
16v6nv,4ot1w1
16mq0g,17tmrr
161vmf,15xv8p
17p7qf,5z31tw
22v4bt,29j7qy
18s0qc,72haoo
17koii,17vk1k
177nlv,16vmyv
1607xl,533e4a
17kam0,17l0tx
15t81i,3eg0k3
1667mb,8ppbz9
17m7du,15tsu8
1802pk,5wty9c
18l1j9,143kmm
17c65m,16n1tl
740zi0,16hprc
16wqz9,27lwlp
51r6df,4z469h
17y46j,7h7avn
8lpyhw,170lyy
1guwap,18t3v6
18e0cz,16m6oo
18tkgh,t1_c803n2m
16rb5y,7bvo86
17aptw,16zg30
18jifv,t1_c802fxd
16fcz5,4ptjao
177fzp,5ikycn
18gg59,8ah09m
171u7r,18175t
177ppo,16zep3
16fqrx,2cl5yf
5nc9a9,72wtg3
7y3gu8,t1_c8016m2
1950r5,1agetq
17qz46,46ofur
1793v1,434n0i
17pkqe,6svxpb
15splo,186pry
195ojk,7zgc7a
6egitp,17es7u
17no0w,18lbqq
1904tf,555z1e
16rev9,6trwjo
173ifp,6thwvb
16184g,4fwol6
184lj0,18avzp
162n9o,8hepsz
16z9w2,2c5qz2
16nzbd,59zevg
16r5v6,8dq0tm
4d2hbj,3y6y47
16b2qc,53e5jw
185xdl,748yyc
18u39h,18rblj
5svnpi,17hfzx
1pkwgp,200twr
1yrq7g,4ykrhs
15ra3e,15ugtx
182bmy,33zhrq
2rcjje,7x3j6p
18bapu,173x2x
15thah,1hst0u
18gaqy,79j29k
177f96,18ebfd
18agp7,7t1rs5
17m285,91xf8z
176yyt,17ol72
18w1jz,15y6ca
1nknqb,1l2bac
18t3qd,70hswb
17uptf,2wj345
249f8v,5yzgqu
1723yy,18mrhn
2pfz2w,17627n
16bq23,7ctukl
16noko,t1_c802c8b
16vg07,17xsen
1guwap,68az8j
16fa9v,65cnjb
16bq23,7yzfc8
4iajel,15t6b5
16dswy,166rd4
18vq7v,35mbrl
15sw2t,66r1yj
175s68,17xxfj
17qakh,59s2dv
5tpv9q,1f4lxo
1729k8,16duj6
15ugnj,t1_c801vbq
193p3z,17d682
18bhme,7qu02g
172swh,2b4bus
16ycse,6yr2qr
17ls63,3l6gc9
18fz9i,8k3rdz
17t4ar,4k5zx0
17fj8x,1587q7
2ybxbs,t3_16wirc
17krsa,t3_16wirc
29brig,6kst4p
175lwl,16xmcn
189e4q,177m2j
163ymf,17r060
17c8qf,17jbi4
16bskd,6vxo5u
18c266,2v5vwu
18ud48,4jzdqx
16qkyg,2xewfv
15s03o,3butml
18la6c,4zwcoc
16waae,4unv9c
18n3i6,16ju1l
17h3f8,t1_c801626
16mq0g,17ngc0
16ojm5,7rtv3d
1e76v9,t3_16wirc
6bd3m7,16t3qd
17acbg,t1_c803tya
179rks,15yyiu
19466z,8im0k4
18cjlp,1qwtxu
177b17,716wim
15ygo5,4h0shq
18jilh,5xk0do
183a21,683hhf
17qjn4,18lpg3
16myr6,8wmbs3
1812g1,3w9pb5
17zu9n,17krdr
16gv6x,40oubc
16mb92,8pk5uk
18ycf5,944gfc
16xepq,2t1hlf
18bhme,44llx0
7v5wu9,3n26fj
16bpc0,6jl6ej
17sdde,1uswh1
16u6zv,35spk7
196c67,81uk90
17s0wr,3nev32
193g08,8g9458
17ahbg,18nec8
5r4hxi,74vod4
1903jw,18jwqk
15tt1x,t1_c801s8p
17tiuf,71xxty
18pik4,2rjmwx
8gzf6w,17v3j8
6jiwl6,16bzyb
8f06v2,79bx2c
15uil4,3e2nbl
18cn6w,1885uy
16duj6,3kip49
16bmon,364cum
3cqhju,65bfrw
174l59,4mrdhc
16i64f,3vkovg
17yxjd,58p5vd
18rrvn,4qsfwt
6lut6x,4imai0
17915h,308bet
16bq23,17s9o0
1814w5,t3_16wirc
1punpg,3ckcc4
17x554,57yknh
189ohk,186l81
170i78,15vyol
188bpa,18a17u
55wye0,1hp72o
87yo8l,93vb7n
2vado6,4gin3j
6xk3pp,18lt3m
16drmv,17fkfu
179yg4,3opcmc
18mkjj,8vfqlu
18uz2v,819qlc
2ceubn,6nr6hz
16ghfa,8g9m59
1966w6,5r4hxi
87j4ps,18s7ea
17uh4h,1nc2yr
17239y,4rawtt
6dfq77,2y1h6q
16mchc,17gvic
18g4ge,18n7z7
16nvfm,168957
18jkn2,4n24hu
192ben,4ibrfl
16axiz,6dhgiy
15uxyj,6e0ox9
16s4t7,17gvzy
172ilw,5e078g
17hz11,18nhjp
1895ip,8aru86
17vsis,2hpvrn
18lbwb,7ocgig
18po7w,665jy7
180zrk,17205a
17qqjx,18r0ga
16bxmp,1u614v
17aw6k,4tyilh
8kkjjt,5z7xui
17izdw,1why4x
16hpp7,15wget
18bm9u,16kvi6
1858q3,5dpzb1
15u2t8,5j2brg
16i04w,5wwodj
1989q2,8sz70o
18c92q,5uf4or
17bd5o,4ss2tr
16duj6,2g8ejk
18iddj,8jcvns
8vsjnm,169u61
192z6f,5v0nty
15v82c,1xajoj
15n8ii,1jxnu9
86q61g,1fesys
3f04ni,16mq0g
18hzdq,17k9pg
1895zf,18j1xg
15t9h5,20cr8b
18mnp9,72k166
17kr5x,189h6y
1866ga,7gg9oe
18d6z7,3zf5yt
163ccd,7wo2sr
17t7n0,7b60eh
18bhme,52dlqv
175ekt,91u3n3
172ny7,1r9ji0
177fzp,68f4zk
17rzuv,1813l2
181yah,1fpzto
171u7r,55hgxi
53z5es,72qg2w
1749qz,18ja50
1797ks,18oom8
185xdl,164dxo
184tmv,24p4bq
17uxxd,18p2ux
914dcx,t3_16wirc
18yfhj,7h6ode
18bf3h,8789bs
17795s,2rcgx7
18hpnv,170det
17k6j0,16mdvu
2x4u63,830j8e
587lxu,92400g
15pu6c,17gzue
18u7nr,18immq
5d9jli,1s20fa
15vsvo,8d0ayx
15z738,3xvh7h
5byn8r,16uuvr
188r07,4hnzbr
170kx5,3ie867
16olhy,16qe1g
16m73g,7kb6a5
31cddp,2e6jd7
32d9y8,t1_c804l9o
178ndv,17hbn5
18qrvr,5ka0ct
18a4c2,3i6a1u
48q98u,17mt8j
2xy2tk,7bd0k4
1749qz,16dbca
18s3l8,4po8as
53zcpo,61v6fx
16zi5d,1794xu
15y9f3,18drmc
15qfb4,15wk2k
17yd4k,3vjh10
15z09m,18h57r
16j4pa,8j5if4
18ysyo,4cg4nd
16nwe3,4imai0
1749qz,7otoj0
72o252,641yec
18bhme,3nu6kc
2xkaal,1vhjag
1760p8,6u9xpy
16fm0f,t3_16wirc
16evha,2opoyj
1771f1,7cujzj
16opsy,t3_16wirc
18iukt,4lbgcl
17l0tx,8ofvxb
17frxe,17t9su
18jifv,4imai0
91bwvf,17whzg
18gno5,1p6ikl
180q1a,18caq2
184602,18pik4
15uc89,t1_c803m9x
169lea,6uux20
18nhrv,5ccpy2
95iw3o,17ui3a
1vmua1,t1_c801qwx
16p952,t1_c801oal
195de4,2l0bmi
195ci3,t1_c800kxy
16fp4c,71ha6v
18r5ji,28j2z2
16cyrn,37q4rh
16bqfa,18l1e8
170egt,5p6fna
175q5v,7sjn19
17vyh0,6yzkk6
6dgbx3,3nl69d
1944nw,5t1ajf
16hjih,3vjh10
164z0t,3iie0c
15znqw,16n8wb
18ko0q,77fo02
5fbgmo,4c1r0n
8t4xm9,79ak5c
17qrb2,988yob
2x6vds,t3_16wirc
3jpmzd,t1_c801x7h
17xl10,1ej6w4
16kpcc,6og0gh
18m3g3,4o81zy
7l72ha,16l5tj
191cgn,6bp4qw
187dp9,4rt3na
17raiy,163224
17l9y7,18enu4
15uu3t,16acnj
16htfx,16sjgv
17urp4,t3_16wirc
16h4aa,18bhme
1755jw,8crblx
165haq,6i05x8
4wdrbc,t1_c8027z0
16azwh,1y46t6
6d7llv,16fnkj
16kqos,17bjsu
3fdqch,90nvaj
16mnoo,69upg5
17aghj,4iq38i
17i8c5,7gm1gc
5clmpi,1a0f1s
182ut5,1panfw
4pewfp,16lm3o
182k7s,5hpq2p
164ttm,180z5l
2688it,42u3rq
6nv06l,1636dy
16sjgv,7uq6nd
4crbn9,7ug7dy
16d3ip,5utf19
2nq7al,2p7d4y
15rsdu,7q5ytt
16npk8,542g1w
5ltgvt,162fqs
59gqs9,71s7qq
16u856,1vsaeo
17lkmn,484g5n
16uex0,1z0s1w
174d1f,179py2
16u6k8,349u5x
1p6c2k,4w6plt
17so8z,1zddwd
163oiz,2y3y06
18bhme,41ws81
8v2dth,6liw42
17p24v,4m1xvo
15wyw5,7ezqyu
183ehk,5hz9vf
17xrw7,29yxbh
16jv80,6pvw70
16afu1,1r73m9
1tdubg,398wwc
1852oa,3jhbxv
2p5dnd,82h1n6
3wpjwm,17pu0l
3jz2yn,4iqu0v
188nbx,2inmbs
17cikn,825f3j
1945q1,59a4vc
18q5jg,375dn0
51u2w1,4dn92n
15s03o,17sssr
17p62f,7r1liu
181ty9,177lyv
16wkh9,18mnzg
17wx2d,4ovk14
167g7k,19gy4h
165bgh,35tcsh
4ooure,76fyr4
7z773i,6pzs4s
18rblj,1rq6ui
39ttlo,16qy9x
17l4uv,39t3kg
17oz9d,3fdqch
18r5ji,5q75zm
16mq0g,t1_c80974b
18q1iw,60kr2d
166upa,174jyb
2xtczy,t3_16wirc
1749qz,4zjryd
17j60d,6thwvb
18gcp1,6eujnk
16zk6a,7gvv87
197ji0,7bd0k4
190b23,16ycwn
16msck,3eg2z4
16iecm,4ame00
15r1ce,t1_c803cq8
16hdi5,182rh2
169s11,7rbuo5
18dz35,t1_c801ygi
17bqvq,30r0sk
16zt6v,16bbul
1fvj02,8s4m2s
2501ok,54ne4m
8g46mv,91a2ll
3glru9,6nm2aa
162zhf,7g4ias
174fiv,2vaw6t
162gcm,88hvyv
3k89oa,91ef3g
16rd0q,1hyv9a
4bc167,2v5m5u
15twki,16g545
16ajuq,926epo
17p7jr,16mq0g
17al2i,90q72x
17a1ew,32d0os
184mer,2mw8y7
5pcdxo,19dnbz
1772oj,4yhoc8
17zxhn,5kp62d
590mvc,17iwzx
17c0kl,16hq1n
1629ky,6nikqq
162z6s,4iyklj
1668yw,17o1ps
198e8o,17krdr
17ahp7,5zqmzg
17fi6l,4bzm4l
186v43,2onkyf
17azyx,1ylid7
16vjbn,16rtjs
7wfuj1,4iuzz5
168op6,18lglv
7k8kz0,2kf45g
16qk3k,1723et
18fz9i,17xorw
17on0b,15yje0
3e2snm,5vss8y
66tui7,70ijpi
60nfg0,97mxfq
1869pm,1vqb2o
6j7ftv,1rv1lx
17oyll,1kj9t9
15sdqa,44th20
18h2qo,7vptn9
16ur2z,4ov1pq
6lp6om,78an80
15tj9s,67kh2i
17s8vj,5e0s5e
4qgt2o,7ew0e4
18cqw8,1dn8ro
1uemgn,6a5pfj
15wi22,6um5i5
16pjk0,3yizhv
17m7lu,44q902
4bpl6x,2o8jay
18xine,7yrpuz
16miee,5482d1
6vbs7d,3815na
17dtg2,884iek
185xdl,25l6ib
160sw4,2uq89q
17ye6i,6taoh4
17h08t,t3_16wirc
18njuu,69birh
163f46,1750um
16srub,4j8uco
16ajjg,t1_c8022w5
17yzep,379ljs
17vd8q,15ukvx
16xghi,6exv3w
16bjhx,2gbtx2
17hmij,69sgct
17zvp5,6qx9w0
21g6ks,18bhme
91pgqy,1kfnzm
17ab5h,188vkc
1954zv,1q3fv7
17bmm1,8pgpus
17f6lb,319hxm
16mq0g,5c4nc3
189w1m,18itm5
3walao,18gwkh
191jf8,830j8e
18qegz,7isnmu
16j44r,1i9ypj
18bhme,6s5sol
15s03o,4j78xz
4n254f,7sl7t1
8xcw25,t3_16wirc
4f6cl3,6rfm5q
16wm43,18lmt6
18fn59,14mmkn
36hc8v,15ur26
41jj8r,3kjp4s
15wx3w,8i6lr5
173x2x,2pktr6
15wogg,t1_c802eqx
16sdv3,3e7yd6
16nzgl,66aax4
18tik9,6af225
8i9082,48otpz
197ji0,7f9usr
16mq0g,t1_c804f3w
15ru9y,1er94w
15u50j,3qi431
18lvwe,16ufwh
176015,72tghr
16y8n5,482wql
17to11,6u2v4u
7shmto,16ptvy
1qcgr4,5gy3kw
16trvn,4onlb6
16uitn,8fceuu
16mq0g,1gsvd0
1884ph,2mw8y7
16ycz6,7qgdlt
177fzp,945m8h
16bxos,6jvgyn
18bhme,1abpd5
18kqk3,1penax
18w1hb,16em3r
18l3yb,36h8bd
16p54v,797b5s
171uue,17ely2
18pik4,3ft7k8
16m8uk,5hyv5e
16rgrt,4iq6v1
169cv3,89c9tz
16syl6,6bd2rs
16wmin,18jfow
18hx2r,4jakvy
18am2b,16yhz8
1vpfnl,t1_c803w8o
14moel,337o9i
15uhbn,188w8v
17vrkk,6sq8k1
16drmv,t1_c8043ad
3i0xe3,4ph9o6
18l6h5,1z138r
18tqvj,50as8i
17ax6i,t1_c802ikd
17usm1,t1_c801izu
191bzx,16ku5h
1666ga,338ybr
4wslko,17e6e0
7d29n0,1nb4e1
1880cq,78cwrj
15wzwg,7l9whg
16392l,64az35
3q9di5,795zn9
3uvhwj,19lygd
18akig,90ln4i
15wq0m,5f2av5
1mofef,18pvll
18g8k1,t1_c806595
17hv62,4jz4kx
16dpzj,79r3k1
15qnz0,55niyq
18kp1z,50bs32
1676tw,t1_c806swb
17qqto,1iyiiv
17yd4k,5tfp2j
17ytwm,4nmhf6
171mcb,18bhme
17wr9n,4o05lw
16mq0g,860uh2
18j6tj,4r46zf
7zty2g,17s12t
18p26v,7zzqay
8s8zpu,3xnm8z
16bmni,1x0ung
17enaj,66ggax
1603xp,5vvnlx
17ymxc,4hwizp
16mq0g,17pprn
197ji0,1echvl
17640r,4vof6i
16ps9j,7tyksz
17o7to,7big8f
18fy7h,17gro9
18axks,2cm1sl
17pgsg,6qnwic
1701uj,7zq0rq
17inld,4cg4nd
17mlye,8pkhws
16qwfk,7n123p
163uoh,4c3fx8
431bzr,18lglv
573cyt,17l1el
6r38g4,7sn01e
163cfw,t1_c800mcy
8bq6cc,7ua1vk
7xaze9,326cek
17qj6z,4b9vkp
16pyy2,15tz8q
16vhjh,2r54p0
15qt18,16vunk
1tqqud,8arhmv
189f0m,7z2vrg
18jifv,3dsm0p
16t3qd,t1_c801c78
15znt6,1xpgyw
18lt4b,16oa67
16btqv,6d4knb
18rblj,2d8yoo
162hlh,7krkq6
21brkw,18r5ji
66d620,5nep58
15xk2m,667clm
6ig9w9,4lvx3f
17l0tx,1xp32u
7oiiur,17e9wc
28b2zr,2ywng2
17qo3t,4imhfl
15z9qe,7hssmw
15xi20,4packa
197ji0,2e0xky
1xfp8l,t1_c8025q2
176zcq,1pmzkv
15zyk5,6fbqdy
15z86k,4ot1w1
25dkyd,23gg0o
266omu,16tyk5
3dofvz,179w5v
1602uq,185bo2
17hz11,3g1kuu
69sgct,18kvx6
18bk2w,8bqtbz
18u4su,7zwkmv
1729k8,t1_c8027z0
18r109,8kzjyh
18dogy,2w7v8p
1682jt,2loo3v
6vdh40,5v7toa
17apka,1n1wxt
16duxv,2ihh8i
8xwtsc,t3_16wirc
18ruht,4fjhc7
1h3som,4akzdo
17vo27,17sc9k
17ki1j,5rreex
1767hh,6yukl6
3x4rpf,6qqz89
82g24o,8xam8s
53be9p,2mepav
180aeu,185gcs
17pvrz,18gk54
16duj6,4sbbzb
15s7t5,t3_16wirc
3x3n12,5d5oov
18r7pl,63de9j
16zyku,181pn8
16fxq8,19jms0
1ln9k0,1xajoj
6lx70l,3ckcfj
5wa900,7ibwpd
15rt5n,5resr0
6eefae,5zqmzg
1797dh,7tskib
18kp8l,6ptoe8
16lfnv,71lma9
186ea4,1apg1w
187nk3,t1_c8043yo
18fxra,76uhu2
4uz9rw,18iru5
17d9ct,79gbea
15tk6v,8si36h
17q1ya,17tpzp
16ie2q,6lu939
16cijd,84gym4
4jjiox,35mbrl
16e39m,4sjaum
17nrpr,1uvqv4
16ona9,8jshwu
17x6wc,18ng95
17y85v,4ntdea
18arya,4jdq8a
16ilo3,7zmogy
1747hs,17xj7r
15yzcd,18tgam
16mq0g,t1_c8031f6
16ulue,t3_16wirc
16w5gl,t1_c8002z7
15xgz4,4t6brk
18201b,6v71up
15wfnn,2gwz0r
16h11k,1byim6
8lwsug,7m64jy
2hyly7,6l1ek9
16gx9y,1qb971
8uh1sp,t1_c801f29
16mq0g,8gf2tr
18qjfa,5zsbov
18wouh,45fe3a
16j19k,2mjwt5
17p0mo,2mjkn7
5jmzaw,4oab26
7l2845,2vaw6t
4mw9v8,7069k5
16f6iy,81m3tu
16ufuw,16bcrj
18pe8z,2oifjr
1885pi,4xcodj
171zjf,t1_c801ql1
1749qz,17p43s
18m20y,16woeu
16drmv,15wmie
187kxk,16w9ht
177fzp,70jvve
857kvv,16gxwj
167ra3,t1_c8028wk
16p1r9,2ivhdl
15tpsa,4mlsej
17z0mk,16rvt3
197ji0,t1_c802cmb
18d5jt,t1_c803qij
16jr5c,18dqy2
16bjf2,3ngcv5
190tyg,4onlb6
10xixt,7oiiur
8jrhmr,315gqg
1tp9iu,77sjfq
173y27,18buak
16ozrz,2z9wj8
18v5bz,80s88g
1aj614,47bu0m
16xxo7,8moksi
192z6f,8jo8cf
16cq17,2fxd94
17frxj,4jp6gp
1693l4,76meg8
16xr9w,1t0aoe
18tkdw,4nn9bc
4aewgz,2fxd94
15r27f,46z3y0
18tmru,849280
16klpv,173qx1
3n04y9,2jtmr8
1ezysm,16uf0x
17i70x,73rzzb
17l5t1,1gctn3
17018g,18kqwp
18anir,40p3kv
15xh6g,4irzht
47q0b3,18mc3w
16j6eo,162z7v
5gjpok,5rkpit
7ncpgu,9854pw
15tich,16im87
16cc9n,4rs3t9
2nx16c,162zhf
1717tz,6onlks
16wwsr,914dcx
17oz9d,4b0bjd
185ts5,1lkgqi
16a5ct,4iqu0v
18qzre,5vbszx
17k5eo,t1_c8025p9
17jzzg,1csgth
16or9a,t1_c8011go
15ue07,t3_16wirc
1802zh,84ea1m
878udx,16y8ma
7mzz21,7k28tx
17r8oj,4j5kee
17346r,t3_16wirc
17xraf,3tyluj
18bhme,4y3utt
7ijkxd,7m86f1
17vsis,t1_c80538o
187l35,5us6nc
36bsdu,16vyl7
24aerd,39vaho
3qpoia,16izgl
1641jv,1on8y1
16mq0g,17q5l2
16mq0g,5qv5rn
18ztcl,17hrh8
18r109,4u2p4m
15ssng,4j8uco
16bcyk,2b0vpe
165p4f,3aizp7
16cqv1,16nxmt
8qwtep,6v2jkh
180lmd,555z1e
16mq0g,8634mx
8457xh,17gnow
18fzgw,8bwtmt
187l35,336cdy
197tgk,7qxy0s
1624qz,23rdjg
17u9uj,4o372m
17do5f,7y0yes
18k1c5,6tlecc
1scg1e,t1_c801zcj
17bwz4,5ud61u
2cc8m3,56vn0x
1893mz,17i4ss
1qoym0,37zjkd
3yisxr,2fz2iq
16j7zq,580js1
180vd6,35tcft
6kud65,75x9jf
1689fq,16mq0g
18sfln,17uwlk
17logk,16b0c9
74x6n7,4swn2x
18dy3r,39a8m1
17xjgk,16wanu
18g31v,500ome
1629ky,4o8qre
15wfkd,15ycho
2jv4q5,18oomj
15shxi,8al8zz
18teur,18jfow
34mcoz,15s7t5
190v49,15yptu
16wirc,50a2l6
16bpc0,17w2a8
16m80i,8wk3a4
6eji60,266omu
15r8kg,5xtdns
16l6es,4ktokb
186xyd,167o6m
17si7j,3my5w8
160id9,6uvpkb
169edc,950njw
97im76,2n0533
970tka,15wwkr
5zgie6,t1_c802hpb
18xasa,7dtzez
17bawj,5pnwgy
91q1o5,5xgcfv
18murf,7dwspr
46vm99,t1_c8010v6
16upqx,281pqw
779i0v,2ldih0
17dxx4,6ac4m6
406ua3,2f1ni3
1xohjp,92zuzn
4aqrg3,47bu0m
4bpfl5,8gofl6
17vsis,18fzgw
162gg8,t1_c801c78
18i201,186tca
18l4rl,1810ld
16jtpa,1758mv
4st9cd,7xcs3l
8hbd29,17jcht
192wau,26klop
18s0qc,1y0e9q
15yu7b,70qduv
3o8kru,6tjc36
17lkmn,8xhym9
5mf7i3,8v5f8r
17tqu0,54c456
16duj6,16mamz
180scc,8uo25d
163w47,t1_c802p77
16fr62,1azf2z
18lbwb,8qs65s
15xpa1,27sioh
18l6rw,15sy2u
1844ik,6vvxom
1727zq,97b92y
7b2kor,4eggac
16wzr8,18hsv8
16xbjw,1yxsgs
17htxs,4jn9bl
16mq0g,2beg1v
5yr5a9,8i1owq
18pik4,6czddi
3qmeka,19a55g
18xnz7,17gyd3
16srub,3v97fz
5pk6ls,65l4az
1959n0,5nufex
17fl3k,t1_c801i1v
188dq9,16rh21
16niuv,16yax6
16xwec,17wnac
182vk0,17qnes
18sx73,81w4lq
170tk1,4s6j6b
16hase,73sx7y
6sy8b5,4gornl
167j1d,6t7ytw
6luzvo,162913
7aldyv,17aawy
189vwy,56xgne
16tt18,2wj345
18a8ur,2qk99d
17oz9d,t1_c803k52
18r6tt,170ow8
173ki2,8xuq40
179axx,181hln
3xtaqg,t1_c802wkz
17k0tt,31fdaf
6sn1ye,44q902
16p1t0,4n9x98
7iy2pw,41chfc
7lmz6v,89c9tz
17vsis,3vgudi
34tvbm,16rdy4
1853ap,16k64o
18shna,16w9ht
15v8jw,1amefk
9741fy,562wvq
16kvdx,73ocmi
17449w,1624qz
48df2i,8osbac
17z0v0,3f6wys
189hqi,98lygv
18o0kf,t3_16wirc
18r7pl,17usrj
17gpkd,51bub4
15w7jq,7ub2m2
17c0xx,t1_c801izu
16k0ct,1qmacs
17a0k1,164zr0
674lt2,16vjbn
1982go,t1_c801scn
15reah,3xu11k
15wosg,4iqu0v
15vwd0,177fzp
4wawwt,1ss0lr
77lv0y,t1_c803iyb
77sjur,2zch7m
17us21,17dppi
177ree,15zlyc
1681az,62mzgm
16t2h7,98ch1g
47k3yo,2w2rsu
18td75,7pssno
197ji0,1mdk7i
17hslp,4ra867
8f1c1z,29d488
2pp7w6,7sepwz
51o9bk,18fsh5
6tojjh,18c1u5
162vzu,8kxp22
16q4zq,t1_c803qha
5ah1iz,79t0wm
16lkqm,185tni
160xn3,6xf2g6
188x67,6i7q44
179s3o,68mdp0
17qohs,7mykzl
3x16ez,4dpsns
16ydsj,869xqv
1f336f,7okhak
16ymba,1nq6d5
1850ye,1sk8s6
192z6f,1zb0w6
1803fp,5lkuru
15vnt9,6m80ky
2cqzqb,2iakmw
16j1nb,1v33u1
7s90tp,3zkkl5
18vtqa,4qjlgw
16wnad,18ngie
18j843,431qxx
16tzx7,15tr4k
16c76i,83pmf7
18zrb3,6arv2t
1708hx,18dwxs
72o0t7,15ueu2
16zf24,3km9hy
162vzu,7ua7ko
189okl,3hja07
17wc3c,4io0uc
18rs3e,3vn2oc
1qzgmg,78c45k
17a4hq,17apka
1893o4,2zu1z6
19435t,8g9m59
17thxt,6d1t8v
17wwik,7m6dxf
171w1m,674vi5
8dlzeu,59i1c4
182pnk,50b0mk
7ldq7n,8fqbni
18ffen,27pp47
15zy88,3uhwkc
1e613o,7l0831
18ujl4,15u5uq
16srub,219t5c
15w0tu,90hpda
5njfcl,40p1qg
493ahd,32eu4y
16bjf2,16k8xw
1776eq,34w20e
16mq0g,17hql1
17pe1r,5i3t0y
177fzp,3io7en
188y9g,17oj99
195ojk,6hsv38
1iodrg,17abhf
18bhme,63awd3
188ybp,4hrozl
177ov2,30xyqv
18mc3w,18hqzr
18lw9n,193rrs
16tvmx,15thah
16bkrr,858e5w
15y8c3,37g8np
18r0wt,t1_c7q7snv
18bam3,3vee2c
8zyutb,3h2z4p
17yg29,413jzy
6xeq18,20nzp3
17h76f,693qlw
16zh5l,6og8n0
1601r5,70eb5s
16zt7t,2lq5sx
18yt8s,2bi4z3
18drmc,16jxui
17kxd6,24ydah
167ok7,7pbxyl
17vsis,7tyjvf
1sonn8,8yvb0t
19tsa8,18c2hn
3lyjfb,t1_c8027z0
16njra,t3_16wirc
6exzfm,4jdq8a
16i3qa,383ed0
15tduu,7i4x2f
180w37,1p1jss
18okhc,2o2tyy
37eq00,1s7ll0
15u2ve,8u8aqg
17su4n,78z9rz
153itd,15r2qz
16yax6,7aprpr
18r5ji,4e42hi
16x7v5,97uvll
17yed9,3ef2pb
164scl,304wj1
5f50tb,3q9qcf
1665wg,75zplx
162mrj,t1_c8002z7
17l12f,5xus4m
16ghtv,18oyx8
17thhj,1gnj08
18avzp,7pcsaw
18ppik,21besi
7fe0jd,88yqsi
18kqk3,4bc167
7j83y8,3uzwl7
4gq3jq,7q8kw0
18rblj,60ujb1
18xnz7,4imai0
2h1epx,7inbyd
5glesw,59a4vc
187vry,189gff
162539,7tuzf2
17em49,184otm
17xrhl,6hce1a
161ba7,5ksd6x
95p2as,41w98l
17emcj,1cq5j2
16ztc3,17wcm3
16e68p,6ricfq
16otr4,63encg
17ivpd,16ctza
18nxzm,4jg5ra
13zg1p,186lc4
177n1m,6ybqaa
17ivpd,16tpcx
15yr7j,7adoex
16lm0n,4971vl
4egbnw,1al1tf
2dle3t,1ubfmc
42ycdl,7smq1w
16mq0g,45m9ud
17045v,4dxrnn
169hb6,1oukau
16s3es,5zgie6
7hw9b7,59n0jh
16hmwu,15xmck
15s7t5,8nvnte
16t0vf,t1_c801hni
170ois,2pt7tv
5ilyxn,8hmnxl
162idf,t3_16wirc
18u2x6,17zly4
3fsg0f,2li5v5
16cpc6,6q7zut
19290c,17g8bj
8u3nx7,46l5nd
196e2f,7d37f4
17dhd6,7w5ato
18qzg2,1x0ung
170a00,1eod26
174upm,17mqn9
17zmuu,278a89
5fmr35,5jpzpr
17jpdq,2qimwj
16rubg,16bskd
68qfek,7svxip
17hypm,73fy54
193j4o,3y356l
17hfzx,51mc5u
2jb728,36luxo
17lp40,7runxn
178ks5,5fmtfj
18d80q,t1_c8032br
160tye,4o81zy
16k2aa,1r5a3x
18kb9q,92yl91
4o9pg5,18bh7k
162vd5,2aomfu
186ki5,7q3g2x
1794lg,1joipb
17vqh6,16mq0g
15u2ma,t1_c803iyb
88a2nv,2de7jl
637zba,5gsi27
16mq0g,5whr86
18xine,2g2bl1
16yhtz,16685c
18pik4,1c2qse
17w3qh,2lkr9u
18bhme,83utjl
5o8b7i,21jsax
18ohhu,25um5n
17h3lw,1lcgad
52a5ap,4n7gi4
17c2dn,18avoo
2z4v8q,70ko2c
5wz8jy,3egoy0
18vsy3,3b93hh
25k74s,5odw9d
7vykqi,6kob27
16uk9e,1k7qac
15xdsj,17tbpx
18b1pl,17vfs2
18a3ei,20mtxb
18jjvi,2wjzie
7rni66,2f88ub
16nmrs,16hs43
1cp3ps,8qd75s
16zkq1,2q6zqi
4ra6gz,176el1
9634j6,51le7s
3108lq,4hn2dn
17hwe8,18dcq1
4nazlj,3i0gf0
17ebp6,16mqki
1jy9qe,5fww15
17fmuc,3m9496
17kqr3,1833iw
18jifv,2otokr
169tq0,247hye
17rn5w,1leuxy
15tgaf,4xcodj
5m14g7,208uvy
16bzyb,8b28ot
167pha,6ksn7p
171u19,60d24g
18oq7p,8qoory
18lx0i,7yotr9
189rno,185xdl
5dghdj,5x22kf
16ls12,8cani2
185xdl,2oj2ga
16cxue,7o6w51
18nz5z,3hfc2e
16l983,83oc40
63mxkf,3dtl8r
177fzp,39lbun
17r04h,95m643
16f167,16t3zv
18r60i,18oarp
1669tj,18jifv
16bqfa,15zfbi
3jzckv,16r9ex
16s2fj,t1_c806gyx
17524j,t1_c8013w5
42bb45,3x0hee
162v4q,5zsbov
16yu82,4plmj0
16ejux,4jla1l
1xzl1j,1m6ihk
16endm,t1_c803gwv
186pmv,1lxbni
16qyqq,4nfrw6
18pik4,8y0u0o
1841cv,64crgq
17lkfh,6td3yv
1892mf,167ymh
17dhem,4cdzc8
16bqfa,18tecy
8nsv2s,29z3jt
27cxiv,1vykku
17nb4z,16czw2
17fuzx,852hx9
6w1kfk,16d4x9
173p0z,16v89h
173k9j,17dj5g
17mqis,165hws
17f3c3,18651z
63thdm,5if2id
18zn8q,4kl35g
71met5,18bhme
18iijj,t1_c801oal
15w2gb,16k1ag
3cqc16,16pqrc
985gdg,5y0mth
80cfhg,17y3xi
2lqlhd,2vx783
1tp9iu,8l3ipq
4qtxxc,16mq0g
16czw2,1uvclt
1839uo,71nz3x
1953qv,174qz9
17r8mn,7861wx
16dmla,61oi0m
15tiam,18eh34
15v3av,81dzz1
16r7xa,2fjgcu
15tass,33tyh8
17q1j4,t1_c8015u5
180y6u,16mhcp
17o4ho,5x5c0h
18pik4,17n62n
17puvq,72dqdo
1729k8,3zkmct
174m9k,t1_c803r7h
17jife,8iizjm
15vzyj,16bcrj
17othj,16or9a
196hhz,28uq30
2sqf9e,16559e
7aga4s,t1_c804euj
6ylo6c,2nnsc0
16gh59,t1_c80aj99
232z62,8n1jnh
5zlvra,3qrdhj
17x9jp,17g6vb
5oyt0q,174i3p
16mq0g,6ohujw
173zhs,57z1t9
16prd9,4b4di5
6costa,2uxip3
6var7q,66ggax
1vgj6j,38yhca
17r7re,587m7h
16y214,8fmbyb
5qxi0m,160kxb
1xgp32,1ge6eq
176amf,t3_16wirc
3syzxj,6ixjgs
161cal,18uej3
16pmwe,4iqu0v
18shou,67ejsg
16w8yc,1731ka
162xkc,1nxx3n
167a2f,17al1y
167pqh,4gnqkz
16o95y,1b1gf1
18pik4,1ahi0h
4bahnp,52p9xk
8jn8ce,16my7k
18oqau,1j5a22
16klxr,4c7eg3
18zq5z,3fusp3
2a1be8,2ktu98
7p6b2a,8fwk21
87mf61,67ntku
178cfj,2spy6p
16mq0g,6qqz89
1917mi,18pwxu
18qdfk,69z9xq
18xl9v,4xmoj1
17tfgz,16ioa4
17mlx9,t1_c800mcy
17b12q,16onk9
4z9tsq,1pbrbf
174pkm,2r0bqe
2szt8q,15s2ea
74skpa,15zolh
15s7t5,t3_16wirc
16duj6,4ed411
16y5td,17ogrm
17jdlj,6dxvs3
7zsat4,15r1ce
15tnkd,31xo17
18tkse,4cdzc8
183zjo,3ohzq8
345dph,16x8du
5schew,16w22h
16faaz,17wudz
16swvt,t1_c801oal
16syf4,8yata2
169cyt,t1_c802v5y
31qe07,6yoad6
2pqj2l,17g1fr
1749qz,15rcvc
53zhx5,7x4g28
83a9w4,15t8tk
16mq0g,87bk40
2rj91u,17fahy
18zirn,28grr2
15y6ca,8mrhzl
161laq,252xdz
16mq0g,7yuss5
17my2c,16rzxg
181e51,1tst2o
17bu9i,3kufsi
16qtm4,3o0it3
7y718d,5xlhxa
17bru1,17748i
176wlu,5nwzqv
17vt39,69ie48
16ltcx,8j9nnb
1612f6,5gu1oh
18bhme,t1_c804c0j
16brk9,7okbfe
17rmch,4kujce
16fiyg,2vsz7t
72287c,8f5mkk
162m76,7hcdy5
1648ah,31fn7j
15rjlf,18coeb
15tgaf,3lwrq7
2kem1h,1bwse5
18bhme,18ojw3
18smuh,1787xx
6fg8qr,4cg4nd
17exrj,t1_c803rj2
16yhom,871v7j
17d7ro,7g5vf2
197ji0,16q1kh
18o2v9,17zqbz
2tx6q7,5yap5a
743ytw,18a3sl
16jzs4,3tese9
17wtqj,16r23z
194ebr,5jpzpr
17rswq,2jdosx
197ji0,t3_16wirc
18azyn,178o36
18zhw7,16mq0g
14z0au,3nkjn8
189m0q,4fv2mo
6qfthd,78phyr
18j85t,33owxs
16v21q,15t334
171ad0,35rtx9
239nq6,15sw5l
16ufvq,8xm9kp
8uf5ol,2b0z8d
190r61,t3_16wirc
17vzrb,18r5gi
16c25e,t1_c802awr
17ortm,1itvts
16srub,6eoype
16exx3,4j1zth
15uxqa,16sf6d
169f33,16j4gm
64r91e,2anq6p
71unge,t3_16wirc
16mq0g,16srub
15tg0q,4xb4ot
17923y,2d4l69
177fzp,3o38he
18u6d3,587m7h
182p2l,4zyze6
17pq7y,t1_c8050oq
16lhlg,17oq25
33alkp,1fq87q
3iod8s,431tdt
182vvc,t1_c803cq8
16yvj8,2et9pk
190276,3ar0gd
4iviy7,61yfkk
18a011,64zh2k
1748yi,4wdrbc
16m6cj,6xthc4
9560fr,33kd7n
16ler4,t1_c8015w9
1958yp,91e45f
16g9fk,46gzjf
18zrvl,8zygjb
17oqgg,169hw5
4z7jo2,67azmn
1o8t1m,1hq9l7
16y4uz,3dm6vs
15ukxk,92tk8t
192xmb,4chls5
6vlovw,3onihy
38pmbp,t1_c8056x5
8iagjo,7ano1y
1819lx,8kq1n2
3osbfk,179lqa
18gj5m,3tlz6s
16duj6,8zdr7u
17ycdb,1qwtxu
182srq,3lfdh4
18r5ji,65sy8v
4kzj68,7qx63f
16x36c,4jbc7e
15tc6h,71lgt1
17dyz5,1vqb2o
18d0ls,173aq3
168ch9,89pw9a
17fdvl,27qcfw
164bj8,8koysw
18321f,2caa2g
18mwdr,170b3m
2m14ey,6rxa90
2sq8y9,1ghn8d
177fzp,491uil
1i7c4p,17w0x6
17qkpl,7mgr43
18qz4t,16cgi8
15z1ru,7mzzrm
15u0vo,1ydjmy
18lgxj,181ikg
2isjbo,90wt6a
2hjmov,176i2s
16j40m,6us25n
16t3qd,738aju
17t90d,17re90
15w3cy,54ld9c
7tikp4,6796p2
18ebqe,18o4s9
17q96c,6aybux
17sclp,t1_c801c4x
187vry,16srub
17rn32,909roh
2d4ebd,18slxe
340o7d,t3_16wirc
1ozu0t,1syubi
17xmff,8pk8bo
177fzp,2k712o
18m1bh,35o31g
189al6,16tym0
184e3e,6vfhk7
480438,69pptj
31b77k,8dro2m
3wduhh,4z6ze2
16bjf2,18bhme
7nocbc,24ipj4
17npja,7siwic
5jl7qo,2ackcg
18pik4,7twm34
177fzp,173wff
8c7abj,63ubjq
16h4aa,7ws0s4
17mkus,31ukb5
515y6z,51vw3g
185xdl,7d1uao
17ly0j,18jifv
16nubs,1eu0hi
664p15,3dm6vs
3ik2u0,4mxxqk
15tww6,187q03
17h212,165fx3
163nc0,t1_c801i1v
16np87,7msc94
172kgj,4ooure
827ded,8ts3k0
16ik7f,1zb6u3
1885ts,188i1r
16v661,2rj91u
8d1mxw,18su5q
16duj6,4cdzc8
17ahp7,t3_16wirc
166x41,6308rs
17eob3,60nfg0
7dmvo9,2uzs64
17zdo2,8l03su
169ftm,3kwqrn
16vi78,95t7ip
17ox1q,16v02u
1736t3,46jgz0
1693l4,4bfhmz
18h3pd,37ufog
172ny7,88gqc9
18eqp3,8865lh
16i7b5,6vr5ub
15yipr,559qwq
961pj4,24ydah
16mmvd,1epsxi
2ci7ot,15ubny
18bhme,7y5ga7
164759,5bmp7n
918oeo,1iipbh
16duj6,18bam3
185a5o,16bttd
18uv76,179iaw
17nugr,2jbx2u
160lrv,2vjdh1
18inii,4s5qvv
18szkc,5e078g
8k31tf,8t4zjx
18lilq,7yzprw
171cvj,8fo0ij
171zv5,16h3sq
175x0d,t1_c8016hk
186c7a,169u61
1624qz,1du0lh
171v2u,4lcx5b
171122,16cgen
18slru,5v8wlw
1749qz,17phbl
18jifv,t3_16wirc
18q0xu,8wsz8g
17g9bi,t1_c801f29
68azf5,2jevzz
16t3qd,77lv0y
17c294,7kjnvj
16ulue,7rrnqm
8q8i5g,2dflgy
95xs1e,t1_c801nl6
18ioy9,7h116c
95uz15,8ab6cc
16mdvu,8afxxb
16rfoz,85zu15
18bhme,5cvw8g
17073b,188r07
16ctkw,8g9m59
1894hs,17roik
15srlz,16fuk6
73vwr4,3s2ont
197ji0,3bn8kb
174vf1,181yey
15rtnr,18qnr8
15wo7n,172iov
3k5ify,1ag8p7
17wkfu,t1_c802v5y
8e180t,1ayya1
18hd3i,t1_c803cdz
18i6i9,17b373
16bycs,2brnf6
15sxvk,91ouyx
17wrf2,178rcl
8uzwsb,1o9ogz
197ji0,4a7k5x
17myqg,7yn8ry
16poae,17xduc
16bq23,7wccrq
16w0ce,t1_c801p10
185xdl,8vmvni
18j493,5fo7zf
16a8vl,2aq6cx
17i5mp,4ltsid
5l7vx5,185xdl
15wtf9,5mm70d
172bn6,20gikv
16srub,170l5e
165dop,6gr3p3
4fwrml,4bk82h
185xdl,27z6pj
5oym1t,1rgojg
17r77w,18rblj
16p6zh,1dgg14
81etst,16qcwe
17xhfe,50gkyy
174h84,8hztyb
177fzp,4fq6on
18nwf6,6yf8q8
16fqop,39juf4
3o03f3,184ldx
17kanf,47bu0m
18h6o3,18kyfg
5c7lll,7bw97b
7ba94k,742kw3
166q7p,16r4ye
6eqs8u,54lmuo
18x54s,6g9us4
17d9ai,1b424a
17ik6g,187q03
18kvog,7vavqz
5t5ri2,18nx2f
3inmi8,6swrzx
37jayv,85a1xf
18pik4,t3_16wirc
16tag1,6f2lsw
2p30a0,6wc1d0
1ct2pi,8dzddi
5c1k5k,3s0fsq
5w7x69,16ooir
16dwxe,1ky3pn
1658w9,7f3qqw
161bsy,18a3sl
18bhme,18p9ii
187fx6,17yx80
15v8ml,16fqvf
16zol8,17ltk3
16g0iu,18jbv7
17x06y,6mbibt
17v4nj,16v0xb
414yxo,8252bt
17xoqe,879j7j
164i85,1htnpx
6ps947,2i4db8
6e6v90,17iw9q
6s8zs7,18fo0s
1679xu,3nkoai
17noe1,4p52xr
17l7xk,71owvv
7zc2u5,18fa2s
18tz0s,161syi
18rl8e,4zm67z
18cydl,5r1axz
16gnyc,5hpqb5
8li1sh,34mcoz
16rnde,t3_16wirc
16coui,5zuv02
187nbw,41lecv
16zyko,51z5rm
4cg4nd,2wj2po
5i062n,162ebl
16172u,176nv9
165kin,8pyevf
16xewl,4y9qed
17wexl,5zkec8
94ctab,37h1fm
16d4qc,5oi4li
17xkik,7r36pv
16z07b,1kxohy
18brd5,98h4jw
16t3w2,15zy30
174p8b,5z31tw
16yo9i,2cl5yf
17z4y6,2fxd94
68yymh,96y2bm
1vgc7v,4xb4ot
8cibej,6hiayl
8i5ud5,4kl7e6
17rkwj,3e10i4
196wdb,3o03f3
17kr5x,1757lc
1djpeh,6iu6ex
7hm9hr,8s16el
16hzpx,3rf1lf
17frls,16l6nx
18fgwv,35kra8
191jf8,2i9y4d
3pymqx,15u78d
187nk3,3dofvz
1802zh,8yata2
181e0c,1k4u51
15s03o,8828fz
17kzzk,30ibjc
16441f,18bwmo
16ba4d,5kqlbj
60fhne,5fq66q
16fqrw,16cj76
183vlx,17wxkh
1mzzx1,83k046
4gbfd7,174sl6
15uhgr,22jf08
111gxp,18rfyq
16tigr,8tktir
1772sj,67fma9
177pb2,65wuqe
17xfc9,16odyi
174a1x,84c5fg
18mge6,6170yt
83b4w5,8zlkvy
18pyyw,6bfyao
174pkm,84whhs
16e39m,7klinl
17xqdr,4lvx3f
16v7wt,16hqz2
2x8kfy,3xwo5q
17r49g,7e8ysu
16e3tn,8hn0fj
18eniu,85y96x
170jrw,6bsodu
15tirf,60d24g
7oi7c3,55esnc
6iwjon,84f8ct
18e4nw,3daq7j
323ait,174ez0
18ny2g,23z4ee
194rsz,8ve5gw
18vggz,64yg01
16sjdl,3hdd6v
18b6fo,8hswgu
16bmjm,185xdl
185xdl,36bo0b
12x5z5,4iqu0v
193g08,t1_c804d26
3gwp4w,17749p
8fx69d,175gen
15rdxs,8a3f1z
9247ux,1vfap5
17f5a6,17pngv
18sj34,172fs3
17nslo,5gb9s4
18rblj,2erllh
16br8u,830q74
75ngpw,3ar0gd
16w5y0,187b13
18cm3k,t1_c80269n
7dg4f7,7hxg4m
35kany,96jn0q
16bq23,1b0c9v
2rcw6l,1zzrq3
1onfbr,4rxuo0
3w3pqk,6b6akm
1n1mkj,3zqcd0
16pr42,51gq9b
8cxoeg,t1_c806lsy
173spe,6vr0wf
187us2,5fexou
18id1i,6vnq5a
90d0dw,73okrm
164w6d,64onpb
8laxe8,16xqoj
18lhnt,865zvj
16yl4e,168ya9
16xtp6,6oqut4
8aho3j,3riv4t
15stot,t1_c801f29
6e1ed6,4kl7e6
1840u7,36ybw5
1880h3,4vjbyy
16kfi5,1730ma
166qdz,7klcrz
16ee39,6b9db0
16fgqn,3butml
18443o,603n1g
18xdrn,4ca0ck
1zfgll,43b46j
617ljp,177fzp
16vdt2,7rnsbe
1893o4,3l1d4k
1704ja,16o96c
18m1a0,7x1w5a
4agicf,5l0zmp
17xmff,18pik4
15s9lq,1b30z1
16dmy9,t3_16wirc
18bhme,6i3gs8
17286j,t3_16wirc
17hzsv,17fhc7
17mrey,17qh2y
2e9jzr,6emdp3
18ccud,6m5116
16c4eq,165vnh
185xdl,178lo6
17clpi,3eqrpf
18qdfk,17x821
17tx00,83y09p
15ujyu,17y7un
18tehc,847jma
3yhm2y,16o6ci
164ipb,2yuat0
15tbsm,2t3c3h
18aayg,8slsk3
16zc38,5m69nr
16ef4y,87j1by
15s7t5,61v81c
4qll6u,6uk9tb
1728t8,7l0ip0
88qtdr,2xxkt4
165aja,5k2ojl
18ga2r,17y9b7
188ycq,8bpvpg
185xdl,1732bk
3k094z,17f846
780mfr,24qhsp
8pdun7,4b7vr5
166c7o,5kqlbj
187rwr,2556nu
16z75e,3f3etg
174zpt,31g0g0
16zh90,2jbq9y
16ihq2,329fcc
18reyo,882p9o
17n7io,4kcf2v
86y1oo,t1_c8016hk
17xba9,92lw6b
18ypj2,2eudmu
185o9y,172sq1
2n0533,17xkhk
18r5ji,1iavka
170v3f,18f15o
18b8bx,17xjal
170ssb,8ukb2n
180wts,15wohm
17genc,16duj6
18mpht,16to6u
16ngj3,93vmnv
289773,5ab9t0
18lx6d,6zxede
16u34x,8ln3ua
5gk3b5,2dk56o
160jk3,16xg1d
18cow1,17tmg7
15xmr7,4rockt
1799cf,16niqh
168tvz,29q0of
4k0rd4,5hfkmk
175rt1,8pnbsq
18ofrj,37assd
15u78d,7mkh10
15p4k2,6iwxcf
18qpy5,17tg9t
176f67,5ehe50
16pswt,4cg4nd
16srub,15wxtw
1891jf,171bgp
18cqw8,2rcxgc
8fe76y,5fhk5l
17qo3t,8c9w8m
3px96a,73nw2v
16flw3,20pbxl
16na9e,27pz9x
53j107,1uwpuz
186shq,16b51j
161fph,6pkfpb
18ts97,7osv0b
6h34p6,18ug58
18xo6u,4cg4nd
17mxsn,5eyebt
1s7111,666w7s
17pq3o,17coil
8ccn0h,2zhd28
18mwup,16cf72
16j7vy,17j7tj
6kl4li,4o2p8k
33wgmb,7m315s
17uths,70h5h0
5wz8jy,t1_c801jkm
77mdj9,3klywt
185smn,4lqici
5gt1an,t3_16wirc
6u5l9b,8jsyec
16ay1e,4z19b1
3n6o74,2cl5yf
17ybl4,2cy99g
16v89h,6jidjh
58kmp9,3mu6ee
170q4n,4eggac
179xkp,5gu1oh
345jzm,5kxofi
18shle,t1_c8024p4
15sibt,6rl2ax
5ahe5i,17bu5b
167rkm,5mcydp
17j4iq,5wox0l
2hdk31,16i9cc
18a0ad,6m1to9
18ckyl,t1_c801usn
16p4x6,17iv41
1yjcea,7mtt39
17pcu0,17k53u
175kl8,17kl6b
18bh5t,1lto60
16nzgl,4yf5iq
18d50b,6dmh15
16dbca,3o6l6a
3trtck,5cejzf
17hsml,4o81zy
197hg0,15rtou
197ji0,1dxj0y
192z6f,5c0xa2
18rblj,18kcxv
16or9a,16mqlr
18rpf6,16llhv
16hpjm,4ovk14
176gik,170xat
178cfj,4itozk
1682jt,16qn2k
16em8l,4be2g8
16bjf2,7yotr9
18joa7,15uz19
16spg7,6ac11p
16ybdw,1vqb2o
185pke,17kalu
18fi64,7xtv1m
2n6sbf,383a6n
16tnxr,62ursg
169xp0,2wny8k
1623j4,16u77w
17vsis,t1_c8012z1
196sc8,7qtnyt
16y4e5,16todb
16rfoz,1jjuzc
15ga37,4imai0
17rfxs,73nw2v
17qn0c,2x18qx
2f68ua,t3_16wirc
3hojcr,16t3qd
18198z,7xjty8
16mehl,5iarua
2ugipj,17yu97
16k5s2,8uue3d
173a1f,8rr37w
18kl1a,6yjdfy
18q1ck,16bri5
8zsj4c,51076o
17k4ak,1fz231
8c52as,4pccfy
2u7gwm,79x0t7
160ju4,17ld8b
16tk97,981myg
1upss8,2xwus6
5jo9ws,17oi2s
17asup,18at1u
6euf74,7dcmo2
1818nb,17gaxu
197ji0,8stdpu
18s3l8,2zqoli
192z6f,t3_16wirc
5gfqth,5h0c4b
16bhqw,16kucz
101u5v,54xi9h
16vuh5,17ijua
187msw,16bf50
3imont,7aydkr
194zxf,18jhbp
17t0p3,650ctp
17hrc3,6ptoe8
17ok2p,78ua4v
2ajcs7,3bqydv
7oru44,t1_c8043yo
16n85r,16tdya
18zjvd,6qqgch
17h08t,218voa
18su7v,1ksfas
166o9k,6237nj
2puxly,8ec4t7
17bhdx,t1_c8022of
15s5zp,3oo8q2
17d4wb,1zbbcc
7w4v1z,4o81zy
17x8kg,2f9t8x
8ebg1n,5np3qu
16ae4p,8zwbx6
6wo9k3,3imcwr
1669br,1kdjky
17fh6w,t1_c800kmy
7uftx1,17vap3
186f7w,5a3tr6
3m9nqj,7oekcv
546qs9,322bz8
1dzxdo,81ycen
18m0ua,6xb4p6
18qdfk,3n407h
16m1w7,t3_16wirc
15sk2j,17fg1k
17vlax,7q8964
16wirc,17avmo
5klc87,16rgda
17yd4k,880t3q
18pik4,18err8
2oc5zm,2aiuzs
5g9nnk,5qv5rn
172ny7,3urh6u
18lhqv,71mlxd
16mcwp,6kd6dp
17l1i2,17dkeh
3w3pqk,70khsf
185xdl,4auhu6
18iw2b,34mcoz
16lszs,22vtjf
16v3ik,4do0ia
4lo9sr,1tz56l
17pt4g,7v73uw
165fj5,1sfzdl
8sndmj,183dg1
7f6wex,8ki6nt
4zalod,4cdzc8
18z9jf,953gh1
162ioa,4xt2f8
98j56z,5hdwly
1x7tec,7k28tx
17s7wt,2aomfu
17jxv5,4s3rn9
15s5p3,4qvnyg
16y7kz,73rzzb
184lfh,3oomyt
16xjwy,77du01
5pqsa1,1twd78
18rblj,1zawpj
189lw1,7issjh
18gcrp,27z6pj
2nsndj,25g05s
67k92b,80zmpz
16i220,3yisxr
17yvz1,7vykqi
18bhme,1nn46z
8h8ku2,3pvuuo
17b3mf,5qr4dp
309bvg,8j0e2b
171vdv,1farj1
19chfg,5qv5rn
15yeqz,1o2fe2
15t81t,3cc9mg
9801xs,2c3lq8
2b1i5o,6yu0nu
16itku,484g5n
16enph,92bhk0
17xsbi,5zz7x8
33nuq1,2sjm7d
18be27,3fkc26
16u5vk,967gdy
178j1q,4w9wpz
18660h,68m16s
16o0p0,8v2dth
22v4bt,3dy32u
2l6r5u,920tnh
17r4id,1pbrbf
18hi61,8084bw
163uxn,4nn9bc
176n4k,4e2gsi
1933yb,1l01pd
17qayv,80cx72
16duj6,1prkbb
164ys7,2erllh
18qegz,3j7c1d
18bhme,6muvlr
18bhme,3x89zc
175w9g,5gi8ka
38igww,2fi1cs
160s39,8vf9qc
18idn8,32dppg
18iezf,28grr2
17msfo,8krzyb
16bq23,1vnigu
182jft,1fmj1p
189j2u,8i4e8y
171vi7,1al1tf
17fh6w,7lmz6v
16163l,4irzht
16kouy,3daq7j
176yna,4j78xz
1641ea,2x2u1a
16yhom,7jagrp
173uun,6ofuk1
18z74p,7y17uy
18pik4,8nvnte
18g4hm,6qj2qz
3y2mzx,2bu2ll
160pdw,1dbnu8
18b0rz,4jzdqx
185xdl,1vhf8p
18uojd,4fq6on
15w7h0,5mxv2d
19322o,68728a
7mh7yd,1xzl1j
185xdl,6l1ek9
18auhn,637zba
1uze6g,2m6und
197ji0,57vih3
7xf5wy,5ts0ul
16fyzk,71s7qq
166bk4,431qxx
18fhvy,4l5815
16srub,53hanh
16go9s,1m6ak5
33xyf0,63fu3n
16n86f,3b70df
7af4l9,5eahg9
17fb5t,75ngpw
182uif,4io5kg
3kcdq6,6mw9bs
18u4n1,1h3som
93csbp,8yvb0t
15s0tp,32voz9
176cc1,5rrthh
1673eg,71lma9
15ysol,7lins9
162d5s,1fnb34
17dak7,8soe3w
4wg9um,5l0zmp
16nfyo,2zqi0v
189bwr,4jgxgj
6796p2,7kmk01
18a135,1jvm36
18e1ql,190c4i
8v64hm,4hrozl
6g3s53,7obqov
1802qq,204dkr
1758vr,8zn27v
18cbhf,8599mu
167ful,79d9lw
17nyzf,5hbjgj
197287,6b82qe
3eda6d,1zmon0
16su00,27pz9x
1839nc,5zxqlr
17gxq7,7ukbeo
15whb8,57vgbw
18rwsr,2wsfk5
17cd4i,50a2l6
18oadw,266omu
17m7lu,56xlpo
18hggl,5430dm
1ybs1n,28whus
3zpj9d,5f1dop
175wrt,504yjm
45cw82,2qimwj
17buxu,5lulso
181vhh,6pzs4s
5k9ehx,79dgqt
16scje,1b7d5p
185xdl,2w47pz
72kpru,3ty2lg
2ikx4z,4t3pra
17cosu,4iik6b
18bhme,2cso7k
17hsjb,3daq4u
164sw0,8zy31b
16hnix,5ka0ct
174m3g,7sehdp
16aok7,94sqk2
6638to,18x5a2
188ji0,5u5ger
3xp97l,18t275
1813bn,29auny
5xersd,2oish8
18eeun,26cg5l
15u2ua,3678hg
16ghux,4z7jo2
16484m,8qhscl
16c0zm,93lwiv
18xy4t,3ezd4a
7npjn8,6fc7fn
197ji0,7ca79i
2qjbmm,6pgl57
11yyok,2a7kss
18joup,1nzlqy
16bwqt,6wi0py
16uvqj,2bdluk
16mibe,3vif5x
2d2jgk,8m7q6n
37gice,8c5qt6
17p46w,8nt8v8
1kxxmy,7hho09
18v1yj,972rdm
16duj6,380l5k
1669br,69mcbq
18r109,3395ai
15tx3q,4eru3d
17e7qy,8rbgsg
16vhio,7kvyte
18dcua,8anokn
18r8jx,7q5bus
1g5gtm,1coyvw
4fwuvc,95m643
17gmm1,17nxav
17uvhz,81uk90
1658w3,865g67
18jic6,8ukb2n
1691pj,242hl8
167qae,4ptjao
2pg494,62epgf
8anukt,6u47aw
186ow5,4d4tmg
8kbnfk,3ea3jd
161u87,1ky9ev
707867,59iz90
18l6p4,8x82y2
17bd5o,6a9ij6
18faa3,8iagjo
18gkrz,1fic3e
15recs,38b5ya
18u95m,3m9nqj
908rbg,7wrv9e
16egyl,7b3h6u
17ktx4,2g4uzn
18teh4,2vrbbr
17kam0,757yo0
4jp97a,6ohujw
18myl7,7hy7ke
16age5,5nep58
16xel0,4jildo
17cbcq,6wmw5m
18h6o3,2ahn89
822bma,7kzhza
16fqrw,63ubjq
17x5fa,3mc57o
15s7t5,16vt7b
16ulue,7x10g2
1nfuht,2vhyqw
176c1g,7h116c
4hmrm6,44mu96
16bq23,2e0xky
4jifjr,71j1pn
7lje7u,6f8fki
17jz6i,3xyr3n
17oabr,7djl39
18teur,77ixf1
15v3jd,888ooa
1625ll,1m47b2
15ykd7,6c1uh5
16i220,1gsvd0
17zvbf,7irjth
18u8zl,4ayme4
18dy5g,8ts6yd
162d5s,3pmf88
16id0l,6stfk4
16vuem,3vm060
15s7t5,7ze5lj
16zvi3,5pcdxo
179h1b,5jac6p
15w3fa,1nq6d5
18pik4,6qpij9
1guwap,86yqkm
183a3l,372fws
68vpwz,4ai0nw
16t3qd,2t1hlf
17dyqm,2f9ffs
16jtpa,69upg5
55nn11,4dxrnn
1628p6,1hod6y
173b4q,5g6n67
8zajk9,4q7ez1
191d30,67p2mg
16zty7,7cakei
16rvg4,66x9y2
16dxdd,2ayswo
17lkck,4iamt7
185xdl,4skywf
17ljq4,1csgth
176fgt,78oyv4
15t922,5dvcy0
18vho9,2af1sj
17vcaf,55sdqu
3mcfz5,730gg3
15ra3e,4bk3ja
18r8jx,6b6akm
18bl7w,3ys8ly
17ydvn,1whiw2
16e16b,4bi149
185xdl,271ycv
16m80i,5smj24
16g568,7svxip
16j0o8,29z3jt
16u0ew,80efer
165sdu,2696ha
172jk7,1x2ylg
187oda,89mntz
17zfq5,6ph3hx
16ylwq,4bpl6x
16yagz,1q6mlc
16ccrk,8ck5mr
4oudze,79j29k
164tp4,89tqrg
18bhme,8si36h
15s03o,9618bb
2maoob,62mzgm
4dnxvw,8k5eq3
95he63,5zk26o
1625qb,3e2nbl
17yjex,24dp6p
16glcm,5h1hw8
17zywx,4ixkr6
15w5vh,2x0nbf
17edro,5ucnya
17tjzy,1ytsxv
17tlb1,2qbuj4
16zo7l,69ie48
16e8jx,8aehxq
5whn0f,3bzzl3
18l1ue,2kaw6w
16gp36,5qo9sl
8n45ok,7tlvts
5uyzi2,38igww
174yrv,2d8yoo
16mq0g,6e1ovf
18hvgm,2hjmov
17gnju,1vykku
15x0fl,4pn92s
16ulrr,1bygr5
18bhme,1jfkpd
185xdl,1i4u7g
17krdr,4uf7ei
2emxl7,36ic9l
179fee,49rqf3
18og2p,6fx4qx
176f67,8yjj8z
4buuxo,5j2brg
17yirt,289773
8lyu6g,5if2id
186qzq,7vavqz
8f6yeu,1xzu66
17vvwn,7aydkr
185xdl,6qx9w0
7isd5e,59a4vc
197ji0,1oubd9
59zfvo,61j2lz
1aq6sa,6qrzd0
7ztkkc,6aayse
2kihrx,7y718d
3dtoqu,5bfki2
170a00,4828ge
16vdpm,6kdec9
8u7qtv,93wjbc
6jqj0e,3m0yn3
16mq0g,78s4zi
33651v,8515zd
3kmgd4,3bxnv6
16rrob,4sjaum
17vkjf,6eji60
185xdl,29fe4b
17u28r,8neff0
16m6qv,78ay80
15s1uf,1rwsft
15vkj4,3ueqo0
16nxmy,4h8g5j
515utm,8to0fz
15y9j7,2mj4y2
1901f7,7ijkxd
1v0uyr,17wwoi
3tityo,8osbac
334cm6,939vzc
4cteb2,7wu846
16fqrw,1thb6r
18i6s3,6ksn7p
18fdgv,4kilqt
15zsz5,5v8wlw
16ya81,431tdt
192xmb,6jl6ej
17wgfz,3psjev
4143hm,4u0wzm
17sa1p,6yhpk4
1644aa,37qgpf
189w1m,54utwa
6i05x8,494lr1
193anx,48komi
170hc5,8qs65s
8abl08,2iucis
1sq6l1,2s2awo
3a8nq0,5bodu8
163enp,2bhhe3
17rof5,7qza64
1hv66m,4n4gh0
19ohq9,2ugipj
197ji0,1dhwi2
18bhme,4v80cm
2pdip3,6c33vo
16bgfu,8rnybh
2fn80l,8chfpq
4jcl8t,6w3whu
18r0bb,5800un
17outt,2li5v5
8p3id5,7qx63f
75080y,849zxs
5yt2ly,20lum7
177fzp,6btsdm
2svoro,5wedsn
16yoff,7q8964
7aa3aj,76qbkq
918sfa,53ymxp
16nljc,4c2ev3
171d3o,2fml4a
1658hx,18yxfn
1780v5,2fegfm
16rfoz,8iks8o
182xx2,81poun
162cwp,78zszh
1p4mmf,6qo59j
3fkc26,55ffb5
8sos5p,887mkz
17blsd,4ek3wh
162tzs,7t5yaz
17m2x2,36ai93
18p0ln,3aq0hl
162c25,53iuur
18cjl9,387csg
16mq0g,881rbl
7j13jf,1gd1bv
4apee1,4imm8u
17feeh,18dl53
7uczn4,8qtkii
16niuv,76samr
170rth,7ubu1a
192xmb,848g3f
17ixxc,62ursg
194wex,391wmn
180xs7,6msvc8
185xdl,5oyt0q
1x0ung,760jtl
16duj6,7vivua
16yrow,6awopp
2oznkz,900715
187i0g,4b18ci
16sf2s,2n0533
17ub19,2317d8
179muc,8e01hd
448eiu,2vsz7t
16mq0g,6rkays
16fqrw,3butml
188rxa,1kxxmy
15w2x4,8xam8s
189wln,7spmb0
16p86i,8li1sh
172717,6xutvj
37prgd,6w4j1h
20nmif,84ufjp
184yb0,48umy2
1fnb34,3av8x1
16gaw3,5mbjlk
18bapu,5x5c0h
7rj5bo,2ljan8
18gav8,5tgnh5
17sh60,7xnaiv
484g5n,6og74c
192yvr,7z03f3
16c9ds,2hgt0r
17fh0a,6ob66k
3h4373,1kfu5g
18yv1z,3ckcfj
1756r9,2e2mu4
17kam0,6mu4oz
3dwknu,7otoj0
176n4k,4xdaso
3qxxuv,6iwxcf
18rblj,641t50
17k51x,5n91z3
1749qz,7sl7t1
17oz1p,2anwn6
166mgi,3zpj9d
78rc6a,1ezysm
16jthm,3mf49a
18qy6u,5kmysv
18fx90,6rdh7o
1655m5,8rjhwt
17z3wh,2otokr
18bhme,5fbgmo
18dqmi,1b45ev
4h6lm5,7eojii
17x3qf,916wqc
18z19k,1l2bac
18hwwo,7mhm2v
15xucg,53zcpo
184q5h,7ir17y
182dlh,795zn9
17xz4z,5i4tpu
15qp22,54oulg
18adis,1auy8r
16bttd,52r107
37prgd,308w99
16u6k8,6e6v90
27ghdm,1kwjmp
177fzp,7o7gp4
1689l9,4e00xc
51mg5i,55toye
6tc0ed,19braa
18lia9,1rn64r
181hc5,59xu72
16rkia,76lk5q
18m24r,3ovi8t
16srub,21g6ks
181s32,33mpxq
6bfkun,5vq0i5
191vda,2bcl5n
8mdwm9,94zy8r
17zt7z,2aiuzs
18hcan,83sbba
17i6td,1asboa
2s2awo,6pobn3
18ouwe,186twk
193krg,85ep43
16drmv,7osxph
18nqft,1dlcfq
17ktpk,5nk5m7
8wprvl,7aprpr
4qq4t5,4ma6p5
3q9di5,6z3eym
17sq4w,6bxmgc
7oiiur,2g8ejk
32sa5u,385m0p
46xr2h,8nb9t6
7qte6c,3365ei
51y5nj,7ug7dy
15shxi,43sm81
18svsk,8xqiu6
64s37p,3k094z
6jykmi,2wbnkx
18bhme,6em6k8
1662ax,5o8b7i
16fqrw,4xrcwg
17ilu6,5k9ehx
166fl2,5lqgcy
18j33i,66ggax
17l0tx,22825v
18vxuo,515nu3
17exrj,1jzgwq
160fmp,75smiu
17r8oh,264m39
18ktqf,4c6b8a
18qegz,3ilswc
15uf1s,1z4hgi
17hk7x,7f6wex
16cho1,7v878s
2d4g2b,6hxf28
187m13,18wq9l
171vh6,6fxg3a
17gumu,308bet
173w8o,8g9458
17l1i2,3qae84
17u4hy,39bxlu
6gsrzp,8yla7z
18f54c,423du3
168jy7,38sgb3
5zz7x8,55hgxi
16popd,1xdijr
15shxh,1lcg89
18ppzq,4hnzbr
97cb04,83oify
172co0,4c4ywd
17yd4k,2wj412
17lba4,30iwda
18ykc9,7lhscr
18xbl7,21edzg
7ezhow,8oimyp
8o0pek,25um5n
4tjvic,47jb5j
17k8bg,42cw7q
161l29,37sb4z
15qr3l,742kw3
18bhme,7lb5il
3k3cxf,5wjrbh
188ghv,39sjoe
7hcjba,8v64hm
2geccg,5i3t0y
184wjm,2xnbhq
16ig1k,41yc5y
6t8814,609bm2
18bk9x,1hgav6
17kd2n,3syajk
7oiiur,4jghkq
26bjre,3iyn8t
17gfih,8zn1zx
6y5ogj,46ofur
17fi08,1je107
174szd,2el7qn
34n4oc,1n8o3b
16velw,6nm2aa
18k16m,7okbfe
18xnwe,3d6d6s
16qeta,7adu1w
18lukw,394ezi
180lza,86otms
16bpc0,8kih7d
7ukbeo,2m4i2q
16u9fm,2d4ebd
185xdl,24qhsp
16frt7,8nnaa0
16k5p7,839hxo
174spf,4bk82h
1x7tec,5mkmfq
18qhym,8l5q64
167ssa,8uzowp
18pik4,5ixwj7
45d4z9,8vvy7j
17t42y,7j13jf
7tdbgg,95b6ct
189zwr,1nl29p
17co35,4r6ljx
17jw5w,51c0ov
17hw4q,68hwkl
171g0i,763z74
17j8cs,79x0t7
17gmfg,879j7j
18skqs,57v20u
160jxl,1mvo3l
1by0xl,6oomp9
17qeer,6e0ox9
3xkkn3,1k2cer
17vvwn,35r4pr
16srub,31cddp
16av15,8xr304
4bvvyl,36bo0b
177fzp,94p4t6
184o8m,2501ok
15ypv5,6oqut4
18dgve,24ktxm
16mq0g,2xkspc
18stjk,6mmhoe
4w5vle,5wjrcf
1769hi,79nwss
18m3j0,93vb7n
17rd6o,8ahxfv
16mq0g,7dhnzd
17vx8l,7zfuik
16vb23,1td6sq
18h6ws,6apx7i
17pcu0,8u339u
16grfi,2e9jzr
6dd2tq,87y59b
3z0n7j,3iij4n
4f5mty,2mw0yw
188z23,5oorg2
15vob8,7plz81
17l1i2,7ncxhi
18yejh,4o11gt
15ur1a,92237a
18bhme,5wggz0
1vm7vr,56278x
5zk26o,6a5oki
16mq0g,4v788w
16bqfa,94m9u5
187iwo,20iaa2
1729k8,2cmxj0
182js9,8sos5p
176ne1,71570a
5je3sg,2lwxnw
48xeop,22cegl
3vh6c3,1vhu80
16kaiw,2t8u08
16tx36,1ct2pi
2x6082,35s9sj
6yw7pg,1mdk7i
181dvb,61s2tp
16ef4d,6xjq9d
3yp6o9,35kany
8m8yuu,5pmctz
18rr34,307e72
1824gq,5qm5va
16mwws,7x1w5a
18600d,31fdaf
16x00l,2mx88k
186kky,5x2cir
66e88v,8rs194
16qn2k,3h72tc
172ny7,1y5d22
18laa6,5jem5p
15sh9z,252b3v
177fzp,4zjryd
15x701,1mjyfb
17qby7,7jvw1l
16glxv,3zerxr
17hfa7,8zyow1
192xmb,4y6mbo
91qoq6,1qoym0
170a59,8hwpoe
53uqbe,5tuehq
18l1e8,2gde9i
15zsiv,6p28v2
16344z,3smndb
17h5eg,7n5ry1
163cu3,56p75u
17286j,5pjdz6
1824dr,4gsnxj
18aijr,3walao
15s03o,54esx9
8k3vue,7aai22
4nshjo,849280
180scc,7neq9p
17mu3o,3avsat
5l67fj,1lto60
7dbtsh,92tk8t
18bh22,7l2dbi
16p6sa,4ali9g
18qdfk,1nh3fs
17j8tz,5p6fna
16pdwd,4mrdhc
17f1u5,53z5es
748yyc,28i37i
1uzr5n,3x442y
8sfx9n,96schu
17yd4k,2caa2g
18c3r3,8rzx88
7yvp4h,8ebjbk
17rn4a,4ufok1
17y0tp,4jla1l
2quivo,4e42hi
32od9q,7gu4q1
2ntrt9,8mumt0
197ji0,2ac8xd
18gaoy,84mp09
16kem2,24eg19
18qaif,7qtnyt
171zwn,2ugbif
5z8xy6,67fma9
197ji0,3i6a1u
17jnfa,3s73xp
16oq8z,6o1k4a
2e3149,8dro2m
16u8i4,1ocegv
6852jb,2nsndj
18t1wn,7h4ioa
15rlg6,72fso1
62epgf,87j4ps
22vxfn,6ptoe8
8zi0r5,3l6gc9
1d99qu,31g0g0
54sa2b,69pptj
90dh9l,2obd4l
16zcfw,8hn0fj
16jpyd,426hi5
8x5pjg,8pnbsq
28okiq,5pav2o
8jzn0m,8ig059
185xdl,1b0c9v
16duj6,2ycr50
177khq,1ulvzn
170d5c,18dqy2
15ww6h,2nh6ff
7lxc2c,33xp58
18ha0q,4amjil
17ild0,7faoeq
93py9x,59l2jy
187oda,8tzgg6
1897i9,3jpmzd
16mq0g,5gmy0j
18a7q1,8gfsv6
16klde,34jb0c
18f8p5,8iizjm
1838vg,2vo2mz
15s03o,6sdxpe
4e88fb,3eggsv
18xnz7,878udx
197zi6,96rntv
16ugln,2b8xu7
16mq0g,53j74f
7z03f3,4wdrbc
4aewgz,2s6hzq
178yrw,65cnjb
16r9df,6wkrir
16xuas,6j1dls
1624qz,3x6asf
177zwz,851e5f
180vcu,3x4rpf
308w99,6o7dmn
170vqy,1ambfa
18dh8d,92sib0
16mq0g,8r08r8
16ovo4,27hoju
8t1wco,4h20g0
16hq3f,5wox0l
6z83m1,4bahnp
16bjf2,4h78rg
18cxx4,7gt046
17d8r7,5smrxu
16cc9n,1pbxvx
16s637,775hf7
1632kz,7qgdlt
16ngmo,8n8109
4aoqo5,3xvh7h
16mq0g,852cpy
17ikpu,7dazx5
185my8,5dhgzn
167qst,3lqa5g
170bgf,3nqai2
5n5sg3,5keg7z
190l2j,32kw2t
4b18ci,41ws81
18txmp,79t0wm
1pn002,1s2v24
169489,948fyq
160nbl,7jxnx6
18mane,17hxg4
4rc38j,1jxnu9
18er6q,2h1epx
17o0ng,1sm1n1
16tbnc,2rcjje
8rugf3,2o0cst
17fxdd,2e5nbt
177b8p,6f7253
17ysuv,5sfe6d
16g877,5jj57x
162ufn,68wjfq
1888t5,87r1oi
163j6z,53z8l0
16rsb8,4vjbyy
15xd6x,3a5plf
6po7fz,60aanw
5o0gbg,5kyzu1
18inja,7hw14f
1714uc,1y0zg4
18whll,50cy4q
190oxu,4zixbr
17a336,8ko7i1
18njpo,52e85y
16dsbo,5of8n6
26acbz,2sv8wc
18bnqh,5unat1
6yhpk4,4xp8mv
16ku5h,4zf4br
1729k8,830q74
44vv5k,8tzbrk
16srub,8pczdw
178npn,8zw06y
16xn47,8st2tv
18bani,6lis0k
15wfia,1l7e62
162j8q,2pfz2w
17tk3f,2e6jd7
76pqnf,76pqnf
17sg62,4m4dxx
17l8m7,6i7q44
17r67e,21jsax
5eueoo,4yzca6
176g5j,4jhh0d
167sgh,2vlzh7
16bpc0,7hfpsd
16iyrh,6jiwl6
7333b6,8orv0n
176uie,79m88h
17y94s,2zysw1
17k5q0,29m5hc
15yjzz,5kbokq
1783s3,5qyl96
1755jw,6q04xu
3e1ytl,8arhmv
17vj9m,52fsyv
17bwbo,5hfkmk
18mpre,6xf2g6
184lj0,6yr2qr
7zfuik,8w3pdt
4j6wcf,36lmgt
2ipt6s,6ybqaa
18uidk,76baai
162and,9560fr
6fubq6,7cowud
16bcza,375dn0
1683sl,1pkwgp
17oj20,505gep
16m73g,3thdwo
17x58u,58d0ge
16uzvo,6b9db0
16tf3s,83b4w5
177fzp,1vqyhp
16i7w7,5rtfl8
17s1sz,8dmzbn
17gcsd,7y0yes
16uin6,4g91z1
18az9m,8f2jsi
4tv9g2,8t1wco
17k74n,1gcdhn
16ovr8,2caxu7
18dyjn,5xb5v7
16zt7q,1s7111
165idv,964p10
78a26r,85y96x
173rdk,54nr90
11ief5,6ys19k
16gzit,4hcc4r
16ibid,31cnqd
18l99l,2oyyf8
2szymi,60uwnx
16ty4k,6czenk
2cf6vi,1a2dkr
17195i,6q7zut
18n961,8b19a1
188xrl,3yp6o9
16j9c4,7vdpn9
18hi61,8uklca
7bd79m,4bc167
887bqy,496kcy
4domxt,1itvts
1fnip1,1fnza0
170a00,3fsg0f
3dd4zv,4tpbjg
16mq0g,4jct14
18ce0i,8m8yuu
5ucnya,1j49ll
16uvoo,8c9w8m
185xdl,69xkcu
17v4nj,16sd38
92bhk0,7kjnvj
173cg9,4166u0
17l9pq,3kufsi
18pik4,2pcwde
45d4z9,7ip184
18uczq,63pq6p
1712g4,8qwtep
18hafx,51kril
18r5ji,8i9082
1vahej,75lof9
17whzg,3zqcd0
16rrob,7qhmrb
6lajll,3w9pb5
18rblj,3g1af9
177jju,5ycvgv
16pe1f,85vxgy
17bink,8pgpus
184o50,16zk6a
17g2nz,6og8n0
1702zl,8razko
17eb59,25l6ib
16t3qd,7ii1q9
16fqu2,1e51tg
15s5ed,2vt7ko
17xgzj,93pvse
18ioar,2golaf
6cniiw,6eujnk
16reh0,4lrgfy
18l204,4cpzy9
17w4gs,20jszx
1674tn,6vnq5a
29i26r,71nctx
18mp95,5vj3e1
168ouy,23l9oo
185xdl,34rvar
553qy2,6mfh73
166fu4,8aho3j
18bhme,23z4ee
18jl9n,4gya4k
16wy6c,8gqbhi
17jifq,3n04y9
1jn6zb,84c3xq
18bhme,5klc87
16adet,8bsj1c
17mftj,3jrzp8
171u57,70y6au
648rpb,2r25kq
17ic0t,1v18lx
187196,2anq6p
21o8hz,746zip
17vvk1,4domxt
15s1xg,16uin6
16ut73,49ohf7
7bush3,1gi1ek
16kdem,40328e
1828h3,1siti9
195rmv,2r3dd7
193mxu,8etxnz
1lz14g,8309yh
18y3cl,7vptn9
18ld83,91xf8z
1am24v,1tza9h
180k42,7tdbgg
16e7s9,2vux8e
16czah,7a4yfs
17c1nu,8e77xt
2xoi5b,6nikqq
18jifv,96wnfa
7ua1kz,338ybr
7lgpcy,7fg34o
18zr54,3dtoqu
3yhwll,6in0l9
97wkgp,3nf8am
17krdr,1polji
160ihm,2ugm44
16j348,3uhwkc
182am2,2pk7wt
16dto4,7vkv5r
180xox,16ngj3
4fflc9,81ycen
1xdijr,2bsncm
17rzyj,3cgz6i
1610cd,1nhc50
16nx0e,6k1fym
848g3f,31xo17
17u56y,7f4dce
18bhme,8bx43q
1802zh,7yiyo4
15zrl1,3ie867
197ji0,92dklb
16ikel,45ekbl
17hetn,56nel5
17jz6i,66j02q
16ehpe,1scg1e
15yq1x,64zh2k
15uum7,74qn34
4ag2dw,3mfsyb
186dl8,72o252
16nzgl,28as14
15t0eh,6weejz
18i6xw,25i12z
192blv,5cq1ny
6euu08,18kvx6
18vxng,8gzf6w
17iv1d,3i0xe3
16cwn0,73he40
5ra3vx,1m9tbe
16azn1,21nk3d
17t28b,6sn1ye
17bzp0,200ihf
15v0cu,4rrmlw
16zy3s,7il00d
164tjd,5nupjv
15s4s3,230qe4
5xl30d,1zrlok
179eod,8dafjd
83826r,8dthro
167ams,6uu719
17mqwm,4frl46
53hosm,4ms7zp
182566,4m0buo
18l7f5,4szm25
16rlj8,5vbszx
18n0au,334951
162lfp,793775
7jxnx6,4ra867
185xdl,6cy7ay
18p6zm,1ayya1
16875e,6aihba
16tnxr,3eqrpf
16opsy,6dd2tq
18r3jk,1ut07u
18pv9e,8n1jnh
7b2m9a,2jgrdx
90e915,19ohq9
18m7tw,8cg94p
26e7c7,6srst0
16mq0g,5v3x5h
17vi90,4skp4a
17x074,53e5jw
188ho4,5fpndh
17yg9j,6fapoe
3t0pud,3g89u4
16f3b4,7gcehu
178f4s,2ps8mp
17ngc0,4n24hu
17iy7f,6259cr
193nec,4z3g7x
18yd4m,2gxoyp
15v32i,1qokn7
160fiv,1uwpuz
16ozrz,1akoqj
17mzv1,4k58fz
15s0tp,6spcwu
192ezg,71j3d5
18dazb,559qwq
1tmdhu,2vado6
168uc4,8u500q
830p0w,8qjzjp
17nyzf,46tkpk
15vw68,49b5sv
17uo6d,1iavka
17fel2,4gfcvf
15sar5,74lx7l
15tg61,8457xh
4m18pn,2cp97a
16kv61,64az35
17u56y,8mvmkw
3wevms,8kh1pe
18uxy4,3pv2s6
7z7hfh,4xnqdx
32osww,3v97fz
44h6kp,5hi3gg
17zm35,72bmwt
18ztwe,16rvt3
182kx1,7bjgtu
18tcyr,8uf5ol
16sryk,86kj83
18i0m2,193mdl
1761ff,3er40g
15vtjq,7h1889
188xrl,918oeo
16yz28,79w6vv
16xzhw,8uzwsb
828eq9,32eu4y
18oyr5,8pkegq
1628p6,2xtczy
18l7di,5yap5a
1853ap,7hssmw
28nd3q,945oho
16rgbe,7oi7c3
171is1,46xr2h
18ak6v,8pw0h3
15uay5,4pkhn4
1864ry,93yibc
16wo6h,2z60eq
5pybsa,53wtyb
16jtpa,430ljc
7b3h6u,6kud65
189i0h,3t0c01
16mrih,2loo3v
16c2vd,4j3sgl
8pkegq,2l6r5u
17bi23,7scxjo
7kq4ei,8cwyk4
172h79,8d4dm9
15s8nc,2z6bts
18bhme,491uil
16qnzt,1c2qse
3gyjr7,2trhh3
194o4y,20nzp3
85bxvm,4oxjv0
195yql,7o41xf
1907qg,64r91e
16ulue,3hojcr
185a5o,5wewuy
65vp5o,6xvn99
16mw44,4gbfd7
1938d5,1uleyq
15t6zd,1ia2tu
186hea,54uxwa
17zylf,2rp62n
17sq4w,5x22kf
18r5ji,19jms0
17s79w,4ep4wc
18l9oq,81qqy5
8aba3i,4s9ofm
18rblj,5gxmsh
16ztgb,4ame00
16v21h,7xwadi
7o3be9,7drmp7
17lqoc,1z138r
16xw5n,4o2qcu
4voemy,8xxcn1
18j6j3,67n7p7
178k2q,5m14g7
18mnp9,1nciut
1775fg,5zrc7v
18l0es,3xwytx
1749qz,5jh32i
16o0yr,60kvml
1634z5,1vs1m7
15r6pk,94mjvy
3c0ch7,26p491
975d1u,4g0aiu
16mq0g,4bfhmz
18tk7t,22nled
1oubd9,7zprrx
16yax6,6efdsc
2hnwmf,23lhyd
16tb7h,7x4g28
16ykk3,2ipt6s
1farj1,7dwsrk
1669br,5r0bos
16j4qv,6nwovy
17xsbi,5a6k5w
162g2k,4cc9kw
163jgx,7mpsqs
35306r,2y7tlb
1kzcth,2escsp
16znvp,51t0mh
174kb1,7ua7ko
165bj4,3klywt
1607xl,8z5cbw
64fhyw,1aij60
97s7nc,3qg2ie
2zbkd6,2qjdjb
6uqlpj,37d384
8b0x55,3qmeka
16srub,1ywi76
8q5art,976p3q
15sqas,6pkfpb
168vvx,1dornf
257wap,7a0adg
17ae3x,21i5d3
18y9gn,7eeutf
17vsis,8yata2
16sx8g,7069k5
8fjkmz,2brnf6
16fqif,7uf5mc
16l9ac,2qt133
17owod,5l67fj
194tzb,2opoyj
16sfg1,59q9rm
167cis,15tjd5
16pf2i,3p681r
6bw0f5,500a0w
6webft,8kqmjj
7kmk01,44qvnv
180qb2,1fc07s
1881uk,3riv4t
15vh8k,65lzob
16ph8r,6v2jkh
17id3g,8hmnxl
95js71,8al8zz
18pgqg,57yknh
16mq0g,8lwta5
17p243,4ktgky
172fs3,8qqj5a
16xour,1filt2
18a45p,47pbwu
16uat5,79nc0p
3xmc5c,64jg0r
17g4uk,4pyiks
1800sv,3jz2yn
4dsn41,76g42j
1890a5,51bi8f
18b7c5,1fgtte
4drq9f,431bzr
170a00,80jnt3
18bhme,20nn3l
2zhisf,3u4syw
4n24hu,2n8phy
1812uv,6u9xpy
1g3w36,89izr0
18nz76,674vi5
4lln3w,6u1u1z
174vwx,4h3qsy
16ydpj,1s20fa
18c4p7,7t1rq2
35ubcr,3xkkn3
2vs3kz,3vhqdn
2xeynj,7mrqei
185xdl,355z11
15t69i,6gba0w
1615zb,3fnraz
15uo3y,2vpsbu
16dgfc,665j1k
17pdf9,4gin3j
188rew,4otm4y
17i2ok,1kxohy
16reyd,1iipbh
17i2ik,3lwrq7
18awk8,69ts8n
18slru,4q68ug
4n20as,3ayyoe
17ve0f,38ysc7
16uhqy,5pbwfz
1e720b,4gup6r
18hqay,5y8kam
185xdl,2aj650
1bsndb,5ilyxn
17cq4u,5so16l
3i58sa,3m9dls
23l9oo,1qjlzi
16r86x,5gb9s4
17bqef,2hdk31
18j71f,493300
17b36f,3jrnqv
17gvdt,6r04ls
172nne,8kmbyq
17vmml,6w6uok
16xdbu,6uwiij
5ibi8n,4rs3t9
162gg8,7s8iav
188c82,1fwg16
18arcb,740zi0
15vial,6l1gnd
21ovwh,4m15jz
187gai,3dsm0p
170589,7hz8ay
164uq4,33zhrq
164gm2,6e83x2
16gb7x,1qcgr4
177fzp,86y1oo
173cgx,3rxg6s
7tlvts,72mrce
16bq23,1jt143
177fzp,1qmacs
4i35xs,5x2bdo
16jur4,5rycbs
18q2on,8wcvax
5puzcp,6e8e42
18rblj,1z99yp
17c4d6,5o0gbg
1673ha,3os11t
18dcxg,57z1t9
18z74p,7shmto
7evuer,4xmoj1
194o4a,3niri9
17600x,2z0a7q
15yk3e,6170yt
17vky2,3ei14f
17inas,2n85wl
8dafjd,4298xg
17d7lc,8im0k4
25vlxs,7pia5y
183ei2,28j2z2
5z1tdc,6sbdwj
17l2yt,5cpqq2
87kr16,5vss8y
162g2k,22eh5n
18zkf1,4ljn4t
185vtz,5byn8r
18jn2h,4j8dcm
1dsqdm,3syd32
2mb7e9,5lrz3j
2oi3m1,77717j
16msck,4txr49
178p8t,819qlc
164q4m,5ntyd2
1in0bo,3oe7qp
188iow,73hc79
16gfn3,7df9cj
18vxuo,86q61g
44eab8,71nz3x
3qxxuv,5xvzzs
16frn0,21r8tc
16bq23,8tc98y
16tfmr,2556nu
17qrwr,2ser3r
177a40,5yj7ca
17r18o,1v175e
15whr4,5kkjr6
15ls63,5y0a8o
172nrb,62sle3
1815i2,4kf704
6smi7o,3b5kai
2dzku2,6qal0s
15yk31,1lkqpz
182jqg,9031yw
18bhme,175p7x
88zn7b,5ycu89
15u0tu,65do4c
169s0h,5bcuxo
16ufg0,70qduv
169591,76v6fo
17fshi,6fbqdy
2bmqt2,7nu3an
18eizy,4vwf41
64eu08,2nsubc
17k27y,2d1h3o
182fb0,8gb7wv
5ykkgs,8nsv2s
17dfuy,7l1q97
18089b,98h4jw
17t7n0,816anl
18su7v,57bm26
17bg27,6oblh6
1954zv,2sipdk
15ziau,5brdc4
76enu9,4dnxvw
173k9j,5fo7zf
58gtvr,4kl35g
17stp2,5p8vxr
17fbn0,6jgp4o
16uqcr,1ysq09
16o8fi,248abx
546qs9,4y3utt
2i3t0d,6wyb8j
17tlb1,2f4cvp
16ihww,682ty1
5jpy16,17oxdi
1twa9p,94fsko
3pexh6,1ls97p
18dor9,871v7j
7bsx6m,2xhazb
7qeicv,7tyksz
25crns,19a55g
15yipr,5qgjl2
4chls5,8lpo9b
690h8v,4fituv
18f8ho,7wmlza
90dh9l,7ttsn4
164dbe,6p1euy
17vap3,47x71w
8pyevf,6ystbb
46as3c,7e5dvr
2m14ey,5a12uk
7z685a,2gaf8c
4v8lq5,5glesw
8gqepg,7l0ip0
5xersd,6lzocg
16a0mp,8ay0tm
2wofnf,7oekcv
183e3o,8izybz
1x0ung,3lna0s
16dfw1,7qc73x
1s8x3p,1bzguf
16l9sz,4fflc9
4n20as,1a0f1s
18fto4,5c6r2y
8wmbs3,5us6nc
193mc4,7crr2t
4o3gpj,6dmh15
15tww6,2sa35h
1hvlcy,2tnhaz
5dpzb1,4g1ba4
16zl31,7rvf9s
16sjdl,5cn04h
183tsg,26thkl
63qmju,6pm2q0
16z0sl,5l5r21
19056g,4ykrhs
6wea0e,5vlvcp
180k42,7136db
16rac0,8k3vue
16wr9h,1khokh
1onfbr,28uq30
17z0mk,8aba3i
15y2z5,61m460
189lw1,5uv4po
18gz5m,1lxbni
8pix9c,45u64p
8vh6dy,1j3mkt
1flxeb,8bwtmt
2kem1h,4rwwwd
18i17h,6hsv38
16d69j,7ibwpd
15yfzw,8ab6cc
18c6br,6u1zb3
2mjkn7,6spd0o
17vd8q,4r79dg
18dqmi,8dpalo
17g6vk,1jjuzc
2ra4o0,3fktfv
15z1oi,2ldih0
23iyio,1ev5sz
5eueoo,4lzebq
18g2ua,1uozid
190vgs,48u6m9
16gz4j,1qmt3e
1nn9ed,45m9ud
17fl73,36pv1d
1tvs4d,4turfz
2ihh8i,6t7ytw
43atce,8e4byu
2cvk73,7d79z9
18ogsi,20agpm
15x2ml,44u15g
192sci,6bunxq
18m3j0,5ix449
32osww,21xwrh
32b46v,4bhy7d
160sw4,1wgdbv
186vr0,8axyho
7hcjba,2nsu8w
1uatoa,5woe6l
1y0j74,59plnp
35kra8,8d0ayx
6ne6ty,8z68m2
17hz62,4l92tm
1958yp,6ni7j3
2pdip3,3wl9z7
16r1lu,4d231u
56auwu,6zia1i
18n0au,90nvaj
17bjkl,51wc1r
2dle3t,3btk55
4dw8b8,2g3rj6
79v5x9,5xii2e
17f6lb,4q7nfg
7sufrw,1txicf
1cq554,7hxg4m
5c9vqt,823db9
973yxz,2jbx2u
195shm,6lu939
1982go,91a2ll
18aadu,1xdwnh
2h9a6i,1n5uau
17ydvn,4bubg4
1uytvv,6rby31
16p6zh,5fhk5l
4snj0i,50gkyy
164bj8,6eoype
2twven,6ndfn4
194rsz,3mpw88
17q56b,4iwyp9
28ph1a,2fl6q0
2x0pw8,2nedmc
1932ad,5b32vv
18xy4t,92unf5
178ddn,4e9ci3
46vpna,22npmq
67mknu,187q03
94jtaa,2v8jil
1cp3ps,1lbal0
16cw2j,8dw6o5
8zfcim,3tityo
171uue,5z1tdc
170vki,5yv78x
16ghfa,844j8i
5a0i17,3stlhq
1845k4,338aos
7xeac2,3vjrep
7odhi7,89vkb4
171mcb,8m6frc
3815na,4ewu6k
185rob,1twjxn
29x2rz,7lz4qy
192blv,1oz1x1
8mdwm9,3d24c4
180qc2,2p354k
3glru9,2c5f1j
16wzr8,3hzmio
87yo8l,5gtp1i
16jv80,3xi9mh
1h6frx,2xx8i2
1agetq,3qq05j
8n45ok,2ptmz3
17r04h,7r36pv
7adoex,5zbek1
1gkyau,6873u8
190ac2,6yoad6
600u5k,6us25n
2yt1ah,1jy9qe
7my4x1,6k5y7u
3f04ni,269f7v
8lka8g,1knchk
24sq03,3h4373
7ezhow,218voa
1729k8,6ehe6r
17vq1u,6tjc36
162w5p,97mxfq
55iw3d,6gkacc
8e7po9,1b3kk0
16y06p,1owi4q
17fdrw,3e9fxg
8t7io3,3yrjov
15w3rf,2aq6cx
17x58u,25bh5e
2b0i4n,7evuer
18fdtj,7h6ode
18htqp,1hsn49
3ij357,1lfgcj
18bam3,1lijqs
5nduvm,9016vi
18ftwt,1oukau
1743jv,92zuzn
171u1a,4eggac
165fx3,8739n7
1orxln,4pccfy
17jdtg,4ivimn
8yl31j,41st8m
2qgc5v,4kq83p
7wvwe5,6ckxt2
16spxl,4soigx
16j15d,65zqos
189okl,87w8zj
7k02ma,6mbibt
4rg2zw,1jgs2p
7mdmyl,7ulu1r
189zwr,6immas
3bopd3,1rlfza
6eq8rs,6trwjo
16cqv1,1tst2o
174szd,6ymiwd
7sdtlz,87bk40
44ysps,5z7xui
176n70,8z68q2
5f0vf6,4unv9c
16rzxj,3eg2z4
16nn3a,4csvja
17xmsk,2nu9rl
6sfblb,5cnlnh
15v3av,39e1h5
16s6vn,1iqb4a
2bsnjw,50it6r
30e8x0,71ybgv
17fvey,7764qv
8bq6cc,6ac11p
32ttk8,6ej6fx
4agicf,3yqxtl
16vohl,1f79kg
1ae4ge,8lwsug
16jqw4,4akzdo
318ftb,329fcc
1797ks,4dc94s
6jy0wq,4izz2a
7lje7u,1vq5vx
2tx6q7,8f1c1z
46x1h7,4wxv1c
16ouuk,17p43s
28ex97,2u91db
665myf,6cwowr
3pg3oh,6ge9iy
184o9i,8ec4t7
8lga94,5cqgi6
18mkjj,80vvts
8xer5i,34udrz
18wuem,2alvn3
24j4p9,5uv2tz
18tcox,6ytrrq
3oefse,23mgsv
17k0tt,69kpej
16sf2s,1cv2q6
17oxd7,1acnhq
16441f,2fsxtf
19tsa8,4b7vr5
4ylalj,7uj2ic
16ptvy,31w4ts
162yhv,2f2u62
15v8jw,4k4jca
3pymqx,66r1yj
183rfe,3ajqvr
17915h,3c48o3
90hpda,3mlu3l
61wrmu,75apw5
15x242,8zot74
17bdht,8sxzk9
8i1owq,71ipk2
16y5td,97tug6
178xat,6h0nz0
17sk59,4k42xz
88zxyg,96y2bm
7gm1gc,8hn9nv
18teh4,3xk3f3
17l9pq,52umua
2micov,21besi
50zdtd,1uyt41
173h3f,2i03u1
2r6xkd,8sclm3
174efi,8mqq4u
18pgz3,2fui8n
1j0brf,8pyk5i
6jj8zq,8p14s8
1ovtvo,54jfow
187a2t,8zzzlx
67czbz,8rbiht
18gx5r,75g1is
88hvyv,3cpt66
166mqa,91n1f1
17mrey,70hswb
1807sr,5uyzi2
18ycf5,8cp0yk
182jqg,7o3wez
2wwp84,7pc90s
4d4ej6,8g24xg
2rlwro,444drb
952erl,1o32uf
7pbxyl,59mwct
15zdaj,80a1pg
16oszb,86adkg
592vr9,2xwus6
16gegx,8ki6nt
7hw9b7,8g9m59
2i80ii,1bwse5
20mtxb,78k3q2
18zq5z,5hp4oz
31qe07,8jlefo
18033n,1a43ju
185bht,4u5gm3
8q5eag,4jicri
14qij3,4sb2km
73ssrm,2lg5la
1e720b,4v1ffz
34h8oo,2obtjz
4zyze6,2mxa7z
8jzn0m,8280ir
18i6s3,8449kl
2s2xxl,4fow4d
163cfw,5odw9d
18slru,353rxv
1lz13a,3yda1d
195ci3,52p9xk
82c8fo,2ut8yf
3yxe4s,379ljs
18c4te,7sepwz
676isl,5tu62a
94lmh6,1n8i24
1azf2z,28trhq
448xhl,4ibrfl
16lkqm,6fh04z
18kqk3,71owvv
166e6g,2zqoli
8zi0r5,3f0qcg
182tyv,53n1m2
65vp5o,6ps947
3q28kq,2h4uxb
5fww15,1mw2ry
4tjvic,36bsdu
6auo4r,83y09p
836llz,1m3kvr
18bd76,60fhne
83z333,1tgi30
4ndx2n,7kb6a5
3syzxj,92yl91
19196w,7x04ku
17gcsd,4k5qt3
2zu67z,83k9l2
1727zq,1es4v8
17gtfa,1mrvei
3v06yg,7megu3
2quivo,8uue3d
17sq4w,42m1md
2cx42v,2l7aea
1680fe,6e9uyt
4v28z2,1o2dg7
1nlb7t,51g8p1
7aw806,22b7zv
171brk,5nwzqv
17us21,8vnc16
17d7ex,43tkux
8a9zkp,58p5vd
3ecg44,4hgo3x
9801xs,4y9abh
7td318,3gohd4
16vlaw,98213n
8crui5,1zt4ye
18v63h,908rbg
1803bp,7qxy0s
6k06fr,4trme7
163c2y,25xv5d
16av15,44wqqm
17pl3k,39t3kg
3hg0p9,65jls7
7n123p,2o2tyy
4d9lz5,4bmzei
1ylid7,7mr8qf
3qxxuv,3rwzxp
18t7wx,5twmk3
171htx,658k29
52a5ap,3ft7k8
2akyq0,6cyhgb
15xmck,68wulu
18jdn4,1wa5mi
4m0agi,6h2qr6
16w6hh,7khyjl
495e6f,1punpg
15k45n,8hc5f4
17e6e0,6m5116
15ofij,8cu44w
15vh2j,7zr75f
59gqs9,8d1mxw
5omo9o,7rnsbe
727y8v,7uscjk
18smuh,679noe
1rxmed,54glfc
18zelt,8ptrwa
15vos8,2j97ro
5430q4,2kkusp
17v6rf,4ozxqi
1880h3,6raolm
17v6wv,87dtvx
1pd5oj,83o4bz
8isevs,95qg7t
5j53x7,7sfkt8
18tkdw,1bzmvy
1860vu,1b2mwt
4jg5ra,2p6mt0
6itzo5,8lmjzh
2ou9aa,8dzddi
18qnez,5mfuv7
16ik7f,28ofbv
334cm6,16bcyk
2pqj2l,3hja07
187gai,1zzrq3
8bpvpg,3lrn95
18c92q,7ytr67
1l189n,4e5w6u
7cquom,3u06p1
17600x,2m8ts0
16ici1,6fw9ue
17b9i0,5lmz55
4xj5ao,5kc3b4
18disj,72q570
17yg29,70ko2c
5vvnlx,2wj345
1722mo,25ppez
18rc7c,314rql
6eelzo,44llx0
7h85mk,7u5pb6
8saruo,4ej2vv
17oz1p,8k8vph
7qo0a7,1b92dq
34tvbm,8sz70o
16v3ei,92ctih
17ebxt,8xvxvj
16685c,80dkth
187qpl,2glhth
72o0t7,1du81a
188yke,1n26ys
5k5e4h,5zgie6
16v7wt,2kv447
15v9r3,2yiiom
4ccobn,8u50z6
6nuwcb,4ss2tr
47q0b3,7d3pgs
35ycya,45he9n
61m9xy,1jrz4q
2jf3j9,2qb3nf
189h6y,97um8n
17r5ss,5dorbz
18m9gf,8auv5v
2sht7f,41qfja
17dvwy,7r5eh6
462c26,2ld7eh
4aps3w,6npqpt
3tu0xt,477fyx
2lkrxd,83hhwk
2ox092,1dbwab
189wln,3btqnq
4gpe8w,24ipj4
17cgmq,6qpnjh
15o5ar,2otx96
76cymu,2lq5sx
18t2af,7hjdx9
18nr4l,8oh6d9
17c0kl,8byeee
196bab,8yrwye
175v3m,80nsqa
84t34o,36ybw5
35hio2,3dhp95
8fvmcr,3er5mu
194gs2,2jyiew
7333b6,1rfs95
3msjm8,6svdk5
18gmzo,65d6id
16wg2o,19iipl
2p30a0,8rugf3
1oty0q,2dflgy
18l9kw,674lt2
7xgbg6,42uc5t
2a4tcd,8p7cqs
1882co,20gmhp
64o772,24p4bq
1uistw,196onf
174fiv,24q1zb
1pg8cm,8250iw
1f56cx,68py22
4up4ix,52ote1
161z7g,4j8uco
6m80ky,7adjs9
4r8r71,6x8cv7
164759,70v1iz
7cebdy,937713
18l1ue,7qte6c
15z11u,1txyda
15qzhe,20gikv
15uum7,17pi12
18x54s,5e0s5e
46k9sz,7mykzl
17rkwj,245vd4
18exro,2cokqq
193anx,8fo0ij
193ybv,4k8a6d
17045v,2l0bmi
16ioa4,92xapl
89ykdj,2p6f56
18jm4i,6xeq18
15seos,2ivhdl
18aayg,5zszf8
17mqwm,7reebn
18olxo,5iarua
16kge7,3jrc1i
8abl08,1u614v
18mpuh,500ome
25tubo,7i9uua
1lz14g,2w2rsu
16evha,5s5t7o
6po7fz,19dnbz
2e3149,80if30
7sfhh8,33732k
8cbmqf,7z2128
15wetw,24ewxq
16raqm,30dv8p
6dy2pb,4yuodm
7v97bg,5z3u3y
15z3ea,6arv2t
167ooh,7y25nw
23hrea,6el8kp
16nljc,8fceuu
192ezg,21x4xs
7orehn,607z3z
16wkh9,5rzmgh
3t5c39,2bduez
186sxd,6yq0e8
73aquy,4iajel
16dsdl,29rl0d
18tvo2,33651v
18nl4u,4vof6i
189vwy,92atxh
6jqj0e,60itq0
xfzdg,1c029a
4gatz4,5qe9u0
18pd8t,724k47
1772sj,2reybb
1880b8,3vuauv
8s3ah2,4wg9um
6xjs7f,60e31w
17tuhj,6qs9is
5dlkp3,938cod
59ng9h,6r1fea
56gtbp,8b3c79
17jpf9,66e88v
4o0a9g,2s7v23
174xc9,7qtusl
17siax,5t1ajf
7lfp3x,3obdg5
1960ju,72k166
1667mb,1sze7y
15w2x4,4y5yoc
17c4mu,2ep26v
4p2s0n,5akoe1
2v767p,94nl0i
15qz58,1ag8p7
62ix3f,2icq66
16qt3i,60iwu2
86vtsk,26idkn
18t0vj,55niyq
193nec,96ie57
16czw2,6uaead
17xp3b,8xrz4z
8uuymy,434n0i
161e2r,281ah5
304wj1,5zohvg
18pyyw,6kob27
249f8v,6e56ml
16nxmt,2r54p0
6y8yrq,1ksfas
4t56em,4ehntm
17clpi,46v1h9
178myr,7ew0e4
71mlxd,3t69t7
15w7jq,9809j4
2ygm5r,67azmn
1882co,7h3ops
18oyx8,8iwm9q
17r68r,2jdosx
179fee,6wzx7c
5540p0,5hkcyv
161syi,5f68as
160u0y,9882vb
17m1sj,5vvq7a
19252x,6lnyye
16tn92,7aqma5
17bd5o,3gyrdm
7nocbc,2twrbi
17hc8d,1azqwp
17qo3t,294woc
5b8c69,4c3cac
18j0wf,1txdaf
8bomhe,94wqri
16rhml,7ydve1
2qh3d7,480438
6lqu45,4otqnp
176gik,7gu3g0
163jgx,3y3se3
18bnqh,2q1xjz
2vg0be,28nd3q
17xhxd,1zfgll
17al2i,5sncsl
5q3ofu,2ftszi
1jgzik,988bl1
16sdv3,1mouhn
1im9eb,7xcs3l
8bmogz,562sd4
2iumt3,7msc94
191px7,3u3gp8
7sfxyk,3aj5it
3yhm2y,2zswsg
87lh4v,2ioi9h
179efp,1zc7nz
179ino,47ehui
74vq6r,4fvjn8
192edi,4m2wg3
1j61lx,5tpv9q
25rk8p,2r34j8
17l12f,3108lq
15rtnr,2nx16c
18qjmv,7qal8y
3x3n12,6gczse
16w304,3a47of
15t81i,29dsvo
17gpkd,7yotr9
5xsry0,2ntrt9
2azv0f,4i0njn
17vy35,62563z
7bp6kl,5iyc5w
7w4v1z,5wi49m
161gtr,79a3zs
16w1us,8u9okt
15tve5,4w3ukv
2w55s7,6l747n
47m30x,1xbaa4
8yj1tf,5gy3kw
17rpsk,4ugtx3
1ln9k0,8gs5nx
184nqb,2k712o
171r1b,8g8jvs
187q4q,5aketn
1jn6zb,3qo2kr
3aa4nc,8cewo2
1694pb,4ajzf6
7k8ptg,7zvgr5
17w75k,932t1t
6nyywi,7bvo86
161fuk,6eqs8u
193i5h,30w6dh
177ouh,1vxuj5
191hgt,7cuxbs
171t4u,8ce07h
281pqw,81w4lq
77wclz,3fc5ei
16a5p5,44901m
195tdq,5m69nr
3lf15n,64iefj
16wq8n,7ezqyu
3r4mch,6wijeb
4lawmr,1g5gtm
29glgd,6ri4p5
3anr5e,2d12gv
17mqis,685e3r
18tvuc,5yej4v
1dn3rv,6wc1d0
18oy1g,28iohf
17qkg8,6rl2ax
1931yf,5xrw71
1725gp,3nobn9
4axunl,35mbrl
83k046,6i0sz3
18d9vo,593ffp
7dbtsh,2ov5ks
16y7zx,7a9br1
17qc0m,7l86t3
16f1ud,5ccpy2
57a6sl,5i062n
8o33lr,4zfoii
8e180t,4u4oz0
15wi22,7oyop4
36rgx3,779i0v
181qj3,2qpb7s
4xhv1m,5pw19y
16bzyb,39vaho
8h8ku2,4o6wcx
16zyku,4hg38h
192dwy,6swrzx
14bjvi,6dcsov
15wfia,2p3y81
17qz46,1zx6bq
8eab2s,17ld8b
7tf6pu,26mf21
15t9h5,5ehe50
185e88,5cbhvk
16r5sy,5rtqeu
164ae6,3s0fsq
92mg6q,63fcmk
1iodrg,3y6y47
5wk20q,34bmum
5nc9a9,2pzhfx
404bh0,55wye0
1qzgmg,21iopv
18dweq,7odmtp
6jelvt,8bz80k
16me04,3soe6z
38smxo,1rk5y1
16kwa9,4vj7z0
15vyhh,3t1iww
18fr8d,57zbn5
161aln,37assd
97f6ao,1cq5j2
169ko2,8ebg1n
15s3e0,6ptoyk
17p6qn,96kpaa
8c7ez2,3vjh10
17fqo7,5g4fc5
5xp6b2,8g33yy
1829bn,795x5l
42cp4q,315gqg
177u7b,60p2ha
937ski,1rgmvy
7wbffd,336voh
5wxs9n,587m7h
8aqqvg,304ie7
17wkfu,1rgojg
16m80i,1i6bdb
16fopw,6950ov
17t48p,6mzi9y
6dbdy7,8tkxbx
17hslp,1y0ths
17y4v9,55esnc
17i4ss,1flsk8
38pmbp,8j5if4
7k0qie,1swq3z
17ts89,2pba7e
168op6,6ksx7n
1grl1f,72wtg3
16hzg2,7kc86h
183ovr,63ufg6
15qlol,3wos8n
175ees,3wt7sn
37prgd,48y7kg
2oo063,91swk4
81vsjt,865zvj
176wlu,5gqsys
1704ke,43nvhi
1895zf,7sayud
16ycwn,38d3fe
t1_c800z1n,8wq509
t1_c801ql1,7dqjiu
t1_c800znu,8laxe8
t1_c802h5q,8jnkwo
t3_16wirc,1al57m
t1_c8043ad,2gbtx2
t3_16wirc,8v7lip
t1_c801iyj,69sgct
t3_16wirc,4f328a
t3_16wirc,51mc5u
t3_16wirc,4cbc3i
t3_16wirc,20tf8u
t3_16wirc,1sva7c
t1_c803rj2,4aqrg3
t3_16wirc,3pci78
t3_16wirc,8y0u0o
t3_162b0z,6m3085
t3_16wirc,43yxlz
t1_c80isfl,90f0xe
t3_16wirc,6b70kf
t3_16wirc,5r4hxi
t1_c802ur3,218hp2
t1_c8043ad,7qu02g
t3_16wirc,3r8irx
t3_16wirc,4qyhvo
t1_c8046ew,4ik2ya
t3_16wirc,4fwrml
t3_16wirc,3nituw
t1_c805fsc,60kuga
t1_c803wkt,389md2
t3_16wirc,7yu5ar
t3_16wirc,3yizhv
t1_c804hai,4c1r0n
t1_c800vgt,41chfc
t1_c802bgz,882p9o
t1_c80012f,4nshjo
t3_16wirc,3yr1c9
t3_16wirc,5ibi8n
t1_c8020do,3rergp
t1_c801pxa,3o8kru
t3_16wirc,52amao
t3_16wirc,8nzp9g
t1_c800acr,8jn8ce
t1_c801c4x,2u7gwm
t3_184vmk,4tzieg
t1_c802juy,2mhnge
t1_c804j80,91e45f
t3_16wirc,6ujczb
t1_c805nsq,2de7jl
t1_c8002z7,6afcpw
t3_16wirc,3743te
t3_16wirc,26c81b
t3_16wirc,3dzebr
t3_16wirc,1upss8
t3_162b0z,53crp6
t3_16wirc,758tgi
t1_c801hni,3wsozh
t1_c800acr,687tnu
t3_16wirc,3s2ont
t1_c8048pw,6vfhk7
t1_c802iro,5dfnme
t3_16wirc,64lfdl
t1_c800qvw,8bths7
t3_189nuu,668kmv
t3_16wirc,8gbcq9
t3_16wirc,1j9gom
t1_c8042hf,2filue
t1_c801xn2,6k0ies
t1_c801ivj,6qjivq
t3_16wirc,2or0h1
t3_16wirc,2dk56o
t1_c801s8p,1wm7jr
t3_16wirc,57fyws
t1_c801rsc,7m86f1
t1_c803dc6,3mxhff
t1_c80599z,1ss0lr
t1_c80bzkd,2qk99d
t3_16wirc,62mwya
t3_16wirc,2qx9tx
t1_c8098jj,8c82tz
t3_16wirc,7xtzjv
t3_16wirc,5twu6y
t3_16wirc,2b4bus
t3_16wirc,1749qz
t3_16wirc,638f89
t1_c801bz1,5d5cqx
t1_c804xxe,4zwcoc
t1_c801626,8kzjyh
t3_16wirc,8pnf9n
t1_c801c4x,5nfzsb
t3_16wirc,77ww0k
t1_c8027co,7xuirl
t1_c800giv,8rda6h
t1_c801rte,632how
t3_16wirc,42apz9
t1_c806bsu,61df6f
t1_c8002z7,9217sz
t1_c806upc,59i1c4
t3_16wirc,5dc5cy
t3_16wirc,7ojq4m
t1_c802fxd,5runlb
t3_16wirc,48d80s
t1_c800pji,9570y7
t1_c801nl6,4rawtt
t1_c8058gx,1fq87q
t3_16wirc,3nu6kc
t3_16wirc,25zgle
t1_c803424,1c9pct
t3_16wirc,66kap8
t3_16wirc,36hc8v
t1_c809lg7,5xl30d
t3_16wirc,17de4b
t3_16wirc,46px04
t1_c8004fw,8oec85
t3_16wirc,4074lc
t3_16wirc,4jcl8t
t3_16wirc,1hgzng
t1_c801oal,8dfc3w
t1_c804ftc,2h8rs9
t1_c800pji,4aoqo5
t3_16wirc,6swwt3
t1_c803gwv,1hokr3
t1_c8015w9,2sgc3q
t1_c805fym,6dgbx3
t1_c801626,8zlkvy
t1_c803rj2,3v9xp2
t3_16wirc,69z9xq
t3_16wirc,47cug7
t3_16wirc,51gq9b
t1_c800j8l,6xxejj
t3_16wirc,2t82ef
t1_c804or7,7lr832
t3_16wirc,36quta
t1_c8028id,3048fl
t3_16wirc,92oj1d
t1_c806i7h,2p6grf
t1_c802xao,2zt28g
t3_16wirc,5ugj6u
t1_c801dl1,1dn8ro
t1_c803qij,69t4hp
t1_c800acr,5v7wvg
t3_16wirc,6yzkk6
t3_16wirc,8begpp
t1_c8020vy,847jma
t1_c8011lt,8xwtsc
t1_c800giv,8k10bo
t3_16wirc,7elb3e
t1_c801s8p,4nw1hk
t3_16wirc,7bcwo6
t1_c8030pb,3r2bd4
t1_c8012e1,3oqq2o
t1_c80d33j,5qxf3k
t1_c802iro,2l08m4
t1_c8027z0,6vv1i4
t3_16wirc,2awisy
t1_c8024p4,7q5mcm
t1_c801elj,4lvx3f
t1_c800znw,4qepv7
t1_c800pji,1h2ymr
t3_16wirc,53zhx5
t1_c803u14,25lccg
t3_16wirc,2f88ub
t1_c804xhs,7iyftc
t3_16wirc,3rronk
t3_16wirc,72hk54
t3_16wirc,7u18wf
t3_16wirc,7jbxkf
t1_c808omf,3s2926
t1_c800myu,70y0rd
t3_16wirc,5gp0ts
t1_c807ik7,5h9cjl
t3_16wirc,9490d5
t3_16wirc,5dk0sl
t1_c7s4197,198xse
t1_c804nrl,62txc4
t3_189nuu,33tyh8
t3_16wirc,7b60eh
t1_c800mxo,41jj8r
t1_c7s1cox,1qwtxu
t1_c804ftc,1hmlpp
t3_16wirc,8bybve
t3_16wirc,93f44m
t1_c801ydd,8t4gwc
t1_c8013bh,5e078g
t1_c801elj,2wkbs8
t1_c800o7i,2y0vzx
t1_c801ydd,1mmkwn
t1_c801ivj,7m6dxf
t3_16wirc,6a5pfj
t3_16wirc,4is7ps
t1_c801i1v,2r1o8y
t1_c801kg2,2wekd9
t1_c801qb8,5dne7l
t1_c802fxd,1leuxy
t3_16wirc,64a8zs
t1_c80699j,28qal7
t1_c8044a9,4iviy7
t3_16wirc,6k0fln
t3_16wirc,81dzz1
t3_16wirc,4lnl0n
t3_16wirc,4778k3
t1_c801s8p,8si2x3
t1_c800leo,4dey03
t3_16wirc,3uaht1
t3_16wirc,95qn6w
t1_c800mcy,1tgzbh
t3_16wirc,4lp56g
t3_16wirc,7sn01e
t1_c804mv7,1v9nks
t1_c801937,5bo5p2
t1_c800pji,94jpbm
t1_c800giv,8psdwe
t1_c801alo,2gkotc
t1_c805j2h,2zbkd6
t1_c800acr,6ns65v
t3_16wirc,5qvlqf
t3_16wirc,1tvixl
t3_16wirc,169ydc
t1_c804xhs,75080y
t1_c80283l,1saugj
t3_16wirc,61dqxy
t3_16wirc,89c9tz
t3_16wirc,43oag0
t3_16wirc,4cteb2
t1_c807qae,34pzpa
t3_16wirc,8f06v2
t1_c8043yo,317fq9
t3_16wirc,1x6drr
t3_17ok2p,18szkc
t1_c801goc,5lxigw
t1_c804yk4,1dro4p
t1_c8027co,683hhf
t1_c802ikd,8jo8cf
t3_16wirc,5bit81
t1_c805e5t,6z83m1
t1_c800kxy,7nrskr
t1_c803lur,89ztc1
t1_c801251,1slm0t
t3_16wirc,25m43c
t3_16wirc,8e40ei
t1_c802nj5,4greio
t1_c800vgt,43dz62
t3_16wirc,8slsk3
t1_c801t5a,95lffc
t3_16wirc,4ts1jq
t3_16wirc,6aq1vh
t3_16wirc,6nr6hz
t3_16wirc,7z8h50
t3_16wirc,6yw7pg
t3_16wirc,583fb9
t1_c802o6h,3p4olg
t3_16wirc,5cl4yz
t1_c801eoj,5pnwgy
t3_16wirc,71g7m4
t1_c80atgg,1kzcth
t3_16wirc,8ocoht
t3_16wirc,51vw3g
t1_c803b45,3ra8a7
t3_16wirc,45922n
t3_16wirc,6lut6x
t3_16wirc,688vlg
t3_16wirc,2hpvrn
t3_16wirc,22jrh8
t3_16wirc,1qyhsl
t3_16wirc,493ahd
t3_16wirc,1pm15d
t1_c8056mo,1ukefq
t3_16wirc,731gcr
t1_c8016m2,8xwf1x
t3_16wirc,2twz17
t1_c8020do,622wft
t1_c807isb,15wwkr
t1_c8013f2,86tsio
t1_c800vma,7tuzf2
t1_c800fzs,60nfg0
t3_16wirc,33nuq1
t3_16wirc,1jdtw9
t3_16wirc,1sh1pu
t3_16wirc,5m5uld
t1_c803y27,3fbflp
t3_16wirc,7xwhwz
t3_16wirc,1p2cvj
t1_c802iro,8zanhx
t1_c801hu8,34w20e
t1_c804o2q,4t188v
t1_c8094ju,57xhj5
t3_16wirc,8hwnn7
t3_16wirc,77sjfq
t1_c801dbj,6lysyn
t3_16wirc,6jepwj
t3_16wirc,2csq0y
t3_16wirc,8l3ipq
t1_c8027so,7cy5s1
t3_16wirc,5weh7o
t1_c8013f2,7brtdm
t1_c802cpp,6kfotf
t3_16wirc,7wu04j
t3_16wirc,7okhak
t1_c802sc9,23092w
t3_16wirc,2son77
t3_16wirc,4czkex
t1_c804re5,3mnmy6
t1_c801jhc,445m8q
t1_c801ljs,6jmld3
t1_c80ki23,8hbmtq
t3_16wirc,1xnm0b
t3_16wirc,2d79kl
t3_16wirc,4b9ylg
t3_16wirc,754u40
t3_16wirc,28kmue
t3_16wirc,3dkdg8
t1_c801626,3s59bw
t3_16wirc,2d7qcj
t1_c8027z0,5i21j5
t1_c802npt,5yt2ly
t1_c801u6l,7rbuo5
t1_c800mcy,3eeg5k
t1_c8004fw,7xz3yy
t3_16wirc,29gtwd
t3_16wirc,4usj4d
t3_16wirc,3vui5r
t1_c807uew,6dhgiy
t1_c802xwn,4rt8jy
t1_c800fzs,7yuss5
t1_c8078pe,4v1k7z
t3_16wirc,3wrxeu
t3_16wirc,5xk0do
t3_16wirc,555z1e
t3_16wirc,44dcic
t3_16wirc,4jn9bl
t3_16wirc,83t0g1
t1_c800pzj,6tocwh
t1_c801i7x,53uqbe
t1_c802iro,68az8j
t3_16wirc,718qwh
t1_c800znu,3kcdq6
t3_16wirc,2ywng2
t3_16wirc,1jvzbu
t3_16wirc,3sj2ed
t3_16wirc,5kirh1
t1_c800giv,29d488
t3_16wirc,7xv2f2
t1_c8034xp,198pji
t3_16wirc,8wkxc0
t1_c802fxd,2illag
t3_16wirc,484pky
t1_c801i1v,63l76n
t1_c801qb8,6d8x5d
t3_16wirc,6iwjon
t1_c801alo,8us2hh
t1_c8024p4,2qb6jx
t1_c801hni,8hswgu
t1_c801ka8,4jp6gp
t1_c803qan,56et8o
t3_16wirc,1sd213
t3_16wirc,394cm2
t3_16wirc,7klinl
t1_c800giv,1k7qac
t1_c803k60,79gbea
t3_16wirc,4qwtsk
t1_c8015w9,2xz1m1
t1_c803qa8,6vi3z2
t1_c804sfy,3ik8r5
t1_c800acr,79ak5c
t3_16wirc,4d2hbj
t1_c804ftc,1yrq7g
t3_16wirc,2i29iz
t3_16wirc,7ksfmh
t3_181zkt,7voil5
t3_16wirc,84m5g7
t3_16wirc,7ldq7n
t3_16wirc,3us54t
t3_16wirc,5zjrti
t1_c803kdx,91184s
t1_c802awr,2ycc9b
t1_c801626,4cg4nd
t1_c801nbp,1hst0u
t1_c805e5t,54ne4m
t1_c800o7i,55t3kq
t3_16wirc,6kg6uu
t3_16wirc,189ndt
t3_16wirc,1n1mkj
t1_c801d4p,8w2dch
t3_16wirc,28w31w
t1_c804fka,47k3yo
t1_c80215o,7gheq2
t3_16wirc,2t4qs0
t3_16wirc,7k6ja5
t3_16wirc,5mwt3f
t3_16wirc,3u5166
t1_c8027yw,5gpasu
t3_16wirc,1nb4e1
t3_16wirc,5uhnwz
t1_c801elj,4lcx5b
t1_c806hw2,3t8tdt
t3_16wirc,81tl33
t1_c800gbt,5q4yqq
t3_16wirc,8rzqvk
t3_16wirc,1hq9l7
t1_c800fzs,3vxdxk
t3_16wirc,8q8i5g
t1_c8006c2,2q6zqi
t1_c801jj1,70evf0
t3_189nuu,2jq48p
t1_c800pji,7rrnqm
t3_16wirc,3nkyvg
t1_c809lxj,2a2ipz
t1_c8015w9,4l4k87
t1_c8051ky,3xu11k
t1_c8043yo,6h26bd
t1_c803rhw,5jqxd3
t3_16wirc,27lwlp
t3_16wirc,44h6kp
t1_c804zf5,78r36h
t3_16wirc,7x46p6
t3_16wirc,3m4rxm
t1_c801pi3,1nknqb
t3_16wirc,2po3wf
t3_16wirc,32o8mg
t3_16wirc,6sn7sy
t1_c81u934,1tp9iu
t1_c8027yw,6bylu7
t1_c801s8p,6d4knb
t1_c8020do,1q3fv7
t3_16wirc,1be34v
t1_c801vhk,5fmtfj
t1_c802k1b,3kmqea
t3_16wirc,3vqxxb
t3_16wirc,4v5i0p
t1_c800acr,93o47w
t1_c802hpb,8v6ew2
t3_16wirc,28okiq
t3_16wirc,3sbcmt
t3_16wirc,5c1pmy
t3_16wirc,4ntdea
t3_162b0z,4ixacy
t1_c804xhs,7rtgtx
t1_c8058gx,869xqv
t3_16wirc,760w2q
t1_c803dfh,89t3nk
t3_15vob8,37zjkd
t1_c803qv2,73sx7y
t1_c801qb8,2cs2fo
t3_16wirc,6ynmgk
t1_c8002z7,65yr6v
t1_c803wkt,3jtqxc
t1_c801626,7npb5q
t1_c8043ad,2ih9ni
t3_16wirc,533xoi
t1_c805ukv,8lnxph
t3_189nuu,509wys
t1_c802m2p,17wxkh
t1_c804gy1,936dhd
t3_16wirc,2cwqn7
t3_16wirc,5cew5m
t1_c801oir,51pk0y
t1_c8030da,3izz5z
t1_c802ob3,5zmlrn
t1_c80012f,3hjk6n
t1_c804zo2,8hztyb
t3_16wirc,31lb05
t1_c806m2e,37ofnh
t3_16wirc,84gym4
t1_c807ok9,4sbbzb
t1_c804zm8,4s5qvv
t3_16wirc,2mm8oh
t1_c802051,7ibjg2
t3_16wirc,5hkyj3
t1_c802n3b,4h5om6
t3_16wirc,88hl7w
t3_16wirc,594b74
t3_16wirc,6o0pnl
t3_16wirc,2x18qx
t3_16wirc,4k3dvm
t1_c801rvl,7x2z4t
t3_16wirc,1bsndb
t1_c800dn6,3kxtdq
t3_16wirc,1hv66m
t1_c8016hk,2lqlhd
t1_c803h2o,1yrrdr
t1_c80b741,60izn6
t3_16wirc,4m20xo
t1_c801f29,8u3p2f
t3_16wirc,6var7q
t1_c801626,1s89nc
t1_c803dw8,5jurmo
t1_c801c4x,5ncche
t1_c804uk8,2l2uvf
t1_c8021mp,36n8g6
t3_16wirc,54fntu
t3_16wirc,2grlt3
t1_c7s1ric,5fexou
t1_c801d4p,8koysw
t3_16wirc,8ikgla
t1_c801c4x,97xj2v
t1_c801kzk,6wo9k3
t1_c800qn6,1roaxu
t1_c809ee1,58jxko
t1_c8021lq,84c5fg
t3_16wirc,8jis3v
t3_16wirc,4lvgk6
t3_16wirc,6cspoo
t1_c801f3e,5kxofi
t3_16wirc,4w5vle
t3_16wirc,4pfhly
t3_16wirc,2pg494
t3_16wirc,37y5zc
t1_c803qp9,73stfx
t1_c800giv,89ovi6
t1_c8027z0,21g28z
t1_c808j12,5rq1q8
t3_16wirc,6g3s53
t1_c8084o0,2utrlg
t3_16wirc,95t7ip
t1_c800acr,3xt07f
t1_c8006c2,7ksz8w
t1_c7s8aey,7mzzrm
t1_c801wzk,7zzqay
t1_c800dq4,4fy4bw
t3_16wirc,8iutxb
t1_c801qb8,3z0n7j
t3_16wirc,3mdi5d
t1_c801s5v,4l1vcy
t3_16wirc,46l9k7
t1_c807uxd,8iq30l
t1_c8020kq,42s2me
t1_c801c4x,4mlsej
t1_c803vhf,98ch1g
t1_c8047re,8cck7y
t1_c801o30,66t43x
t3_16wirc,3szmoj
t3_16wirc,3gjicl
t3_16wirc,5egw0t
t3_16wirc,55nn11
t3_16wirc,3onihy
t3_16wirc,7t4j8m
t1_c801egv,780mfr
t1_c800pji,3zwlef
t1_c801qb8,3vee2c
t1_c802nnx,4x6ply
t1_c8020do,67boip
t1_c8002z7,5325iy
t1_c8024m0,4a7k5x
t1_c807ie2,5uxog2
t1_c803uo9,74vod4
t1_c800pji,5gihz7
t1_c800ygw,6ty6a1
t1_c801626,2vm7t9
t1_c807eek,4soedc
t1_c802ucs,5gh2yw
t3_16wirc,17sssr
t3_16wirc,4ajzvr
t1_c80atgg,3fokep
t1_c806qg2,6rlv1p
t3_16wirc,2w7v8p
t1_c80269n,5ultag
t1_c802e26,6dedyc
t1_c806dfc,7761j7
t1_c801f29,5oym1t
t3_16wirc,4567ns
t3_16wirc,1m3hf1
t1_c805tur,4kcf2v
t1_c801rsc,64onpb
t3_16wirc,4ml0gd
t3_16wirc,4m18pn
t3_16wirc,6smi7o
t3_16wirc,3ckcc4
t1_c801f29,8fc7nc
t1_c8002z7,6liw42
t1_c802iro,31u3ba
t1_c801ydd,982qwd
t1_c801cb1,3ni6y5
t1_c805qd9,2qxfr9
t1_c802cpp,17qwtr
t1_c807jcc,6tojjh
t1_c80384k,1s6it9
t1_c801x7h,57lyu9
t3_16wirc,5095vf
t3_16wirc,2pwn4f
t1_c80271y,8yvit0
t3_16wirc,68s1o8
t3_16wirc,5dng0o
t1_c8012e1,3mbbf0
t1_c8016m2,7mq961
t3_16wirc,1v33u1
t1_c80fia4,1ghn8d
t1_c801ivj,616mod
t3_16wirc,6uux20
t1_c801251,3igiy3
t3_16wirc,8aq058
t1_c800acr,97s7nc
t3_16wirc,41w98l
t1_c800dn6,72pt7x
t1_c800acr,3eia5z
t3_16wirc,5pb2re
t1_c803ivw,7yyq2g
t3_16wirc,7yrpuz
t3_16wirc,340o7d
t3_16wirc,7noj1k
t3_16wirc,2ilib0
t3_16wirc,3pul6e
t1_c800acr,1v5s12
t3_16wirc,2halg6
t1_c802ttz,78an80
t1_c800vgt,1wwuei
t1_c800giv,3qjxkx
t1_c8043yo,3r7ay7
t3_16wirc,811dpt
t3_16wirc,914b0c
t1_c802mnq,4it742
t3_16wirc,3badzp
t1_c7s1px3,6gq8qp
t1_c80qjq5,4ljmi5
t1_c800sb6,401q8k
t3_16wirc,4563x1
t3_16wirc,80dqur
t3_16wirc,5cq0ws
t1_c80269n,281m6u
t3_16wirc,2oj2ga
t1_c800vgt,8hbd29
t1_c800acr,4ryuay
t3_16wirc,663ekv
t3_16wirc,4npxsc
3qcy4k,2f68ua
ho0his,72qfw2
g4mms7,5nnbzk
47hhzs,6h61fv
1keag0,3vib4w
1dhm69,1eo7hl
9vi4dm,3eoeuf
90vvu8,3rjmx2
6zodfi,8woyjo
7w3v50,7andmp
88voqu,908an6
25kjdy,3e10i4
58wejp,2maoob
g892y6,7l0831
jduq3f,7fj0ku
79pv59,2jubwf
9l8f2u,33fuja
athlbi,6kl4li
78q9jy,1jt93f
i0jsgu,4fo358
aivtgb,1nxx3n
j6k8s5,79tdtt
9qrvpj,3k5ify
j5lvny,6xgffr
bmkikp,22fax1
6tyu6n,31im59
aoimdz,7yuofy
4so7m4,8h1xa0
k0x5kg,7xjty8
2o6kzr,650ctp
i29u4z,6svron
am6gjg,1du0lh
j17iny,7yyxyw
j0ko5g,7hcgk5
9ebcog,239nq6
ey0eii,93vmnv
59ax7u,97lufi
e5kbsx,1yfass
kmi557,1jp9ou
edw6rl,228gkn
jgacur,5xlhxa
2np7wg,39ttlo
5l3o1g,5sjfxm
acg5no,38jf6e
6daf5f,1bby8x
e74kgr,91bh0b
5utc1x,806vd8
9v6hvw,6uvpkb
hunfmc,57utkx
ermxvz,50m9fq
1pt7wz,6c2dzg
b20x6z,8egm17
adlmvf,988yob
62g0m4,75x9jf
5hnmu2,8k4j7l
b1w59z,2k1ki1
7woagz,5soxq0
ir8rej,1xo0r3
bhq1u1,961pj4
j8jtt7,3bgzav
25pnm7,76meg8
iw7bm3,8nseug
e0qw78,5cvw8g
47k0tp,2wxe2c
khdz1s,1er94w
1hi0f7,53y6fh
cno1bc,3yqj5n
680qku,1xh61w
j5ylq2,8yyjuc
3d46k1,8lh6pu
hpicut,3x29hw
kxs999,8du6bs
76r8xx,2v5vwu
2ys9ed,1on8y1
789np3,7rzf6a
j5da5a,5ox209
b4i7qd,1mrucm
7dh85g,5n25vk
78qi0p,23msny
7gbppq,2vwb73
1t5mri,27n27p
34c6q6,8slfe1
j3nh0d,4vnzv1
j7t7b2,25w8gt
21ri0i,97im76
9xu0uh,5cpfq9
1t3myf,4jzi3z
ceetaj,3wevms
ixgona,2zzdc7
1k7sx3,8l1h9a
1byg9i,97zwb0
c5e42s,1quyy6
9a39wn,6jve6h
gv23fo,1unn56
5k51g9,8gy4c8
j3usrm,2sfkk4
26z4v4,7iqflx
e93jap,25xft1
bredf8,1pn002
2adohe,4eh8my
95tzk5,2vjib0
3shu5x,72w2ug
2rpknf,97j93h
2g48ik,6m0bio
j4v7h3,3fahpe
5726zj,3cslob
d0ieiz,1ndti5
2ggtng,3c6nmp
fi2y6u,77y1z9
fn9y1i,18a8d3
1t463a,8prm9w
2ewbjn,5rndcn
4r1j0t,2gpmjk
5gml5p,3mcfz5
coxq54,6y9kf8
e05n8w,8wy9ox
iqjc6j,1tkv5f
414715,3c4gax
kdmblr,8xkakj
cyitt7,7chxrs
ab8cqk,70kp03
gula5u,542g1w
j2ful3,2l0zma
dtc8jt,4ph9o6
9uq4pd,1hr43z
djtyod,7oyi0f
8gof61,2qpvt8
4zgp8r,2sy8f1
bodb55,6woi2i
2jqejk,94gt88
iypriz,26j652
eks8o0,6zp3xd
27h2to,54bq6u
arch7o,78qbwn
gw39ha,3nkoai
iuc6im,8yzo95
2nn4rz,7xtv1m
4s95z8,8eso7j
i2vco9,16qk3k
3r0fbf,8be8fz
57bx45,8z7bpr
1bb1yi,4v34es
dbqxcg,1t7wlg
9vidhp,2mecp1
6yiggl,7uftx1
juoocd,6kv6ul
gnry9f,47bu0m
amazof,25kl82
j48peg,1fpzto
281g58,24aerd
bzrtqi,2otktf
d39yed,6vpwwu
27p45d,5hpq2p
d9qe4y,7y04o6
e5czfy,8pv6bp
fcuz17,7xhkp2
isf8hx,4p52xr
j763oo,3esk5w
jpb3eq,66tui7
69nsvm,5iet9g
czte4d,5xi8j8
7666sn,3dx7pj
azuwrw,1nlge1
k375hs,8za6t4
2o7f77,78rc6a
3a5tuq,4z8bv5
gcexdb,7s4wrx
4na8k3,2m2lhs
fvjnkn,53cs8v
iny2ow,4o2p8k
e27d0h,3s3xv6
blni3o,54zxbr
4sm4no,3f7x4f
6abull,2iad72
4g4t4f,8j9lso
kwmfcv,8r9125
ipa30e,6g9us4
5o5ahs,4voemy
izykri,1ub3uo
49ck36,3ql736
79zypx,4r1z0c
26q6ra,2exq0t
iy44li,7r6x71
c6a2z2,54xi9h
ebsjlk,363wpy
1khcq9,2e65xz
it1m8y,45cctj
6xzwex,1w49jg
g85abm,5js8l4
bipu3u,6trj3o
30tndl,70l7sz
3x77j2,655lln
57a47t,8b0h21
fylu1r,2yemzy
4tkch8,2ymusr
fntk5u,5r1c0g
c3pszz,3tuhha
7r80k6,1os9cy
cfl2ip,4afsjt
18es7f,60e8lm
17a1l3,2dvhk6
18j5n7,6ig9w9
18tp7t,7lwjpj
1777bn,641yec
15zoh7,3caytk
16htp1,7iscdx
17uzsg,72n7yq
1706ou,4sln53
1651b1,53l5a9
16uiuo,3nev32
16bd69,64hsmp
18kk2x,40pyeo
1667hn,7pssno
15sf5y,914dcx
17vxwu,3fdqch
17n5ww,2fyx5d
16qnv7,2qgc3n
188yek,912cbs
16dvq2,5lkuru
17iuzc,98j56z
17wf77,1yxsgs
18ejac,65cpe9
172pim,3dtl8r
15t97s,616x1a
160zxw,6drry1
17hwd8,7zsat4
17k3yx,90qgkd
17d7yz,1sq6l1
185phv,2vaw6t
18s9tk,3u0v8o
171ukg,8yhhyd
16fxko,2oi3m1
16drgw,8re14l
17gui3,72qbpp
1692a7,1dsqdm
16obuq,860uh2
17yr82,341z2t
16c0u3,1hlzmt
16rt4r,69f38n
17xdk8,8i6lr5
17tj3o,90wt6a
16xbd6,4z19b1
16jul2,852hx9
17jupv,1dkn28
16em8f,2r8j12
15w5vt,2tkecr
17qyrm,1711x3
17x821,50ucy7
16576r,2a6fm9
18vmkh,4fjudi
15rwj1,7i7mfv
17z6f3,4w6plt
17yxb7,4d506t
17ourz,2mw8y7
16h9dy,671m2n
180fr7,1ubfmc
172ap9,93j7b8
16eh6d,39pxut
16rj6q,6cppap
17cul1,2zkkx3
16ja8u,44vv5k
16kaha,5mbplr
17h2fl,2dm2qb
17vds3,5582bf
181l8j,7z7hfh
16ghx6,5lh54e
1811d8,7zu6w7
15troo,2j0vcg
16xxh3,3jhbxv
18g7cb,2yatsg
177kx4,4muebe
17l6vn,7iasoe
17kbeb,7gctj4
17sft6,19pljl
17bysn,3q9qcf
16jea2,2aon6g
168bdv,59zevg
17blev,42s57z
18bttf,7f3qqw
15ym0n,3px96a
167gr5,2yuat0
16g4u9,4oy8v4
17r89g,4sjo6z
16v22d,2688it
16qcwe,160ryv
17x821,6cqwz4
17nba0,3ho656
16uirb,1jhrxw
17ys8k,6fu0u8
16ntrx,2flvlz
15vy9z,5ssj7r
15rwj1,5no297
18gpro,1bcitm
18h4v1,4slwz7
18ikui,46666y
16qcwe,2g8suv
15rwj1,2o8jay
171xty,3ko4a1
18fhxt,77um4q
16yo7u,4k0rd4
169og7,71met5
17bm55,4ta69b
15u5sp,1dj2x7
160afl,666w7s
17mtg3,1p7nu6
17pqs0,7gpccj
181tbz,580js1
15xb4s,64s9q8
17113d,1zwspf
18afa6,8d9vg9
16ey8k,3i0gf0
15t1ts,5ptxlk
16qcwe,5cu34o
16hynw,6u22nd
168bdv,8k3rdz
16w5gc,7zmlmw
172cmh,5fhei0
1794gw,6uk9tb
17cl0n,2wjzie
16xs11,8ees15
1894ow,1xfoxr
171ukg,6tid0j
15vy9z,2t56b4
161j8f,5w7x69
1628he,8wenyj
18ghdx,3moyyu
17yxb7,6exzfm
17y9ei,4jygas
18u5wa,7aldyv
16yi36,5bqrp3
17dl1l,3t6gbt
17bbwk,3cyeem
18n1oh,1srjls
16y95o,2d4g2b
17jzzs,5wty9c
18dw19,1tqqud
17c76a,396wph
18dw19,683fwg
17rinc,4hmrm6
17q4jx,95t9dy
184w6g,5wiye1
16qxlg,2p7scx
16r7fs,69q6cq
15uu2j,3tovx7
17n1zm,8s16el
16qzva,5xuwd7
16ep8x,89eoaz
18d9ln,55i8bn
177416,5fzakg
16ttip,2fz2iq
153gep,2f2h13
187c3e,3ar0gd
16qjol,36fbfr
16qhyb,23p9tf
17gco3,2dzb36
17usff,8ztorj
166qzi,7nbk08
18smr7,4v6syp
15tykj,60xuw3
18q8ff,4oi75y
1733f5,42u3rq
15tgw4,5zmld6
169nrh,87j1by
17frap,257wap
15rqgo,8afm80
18j2vb,93csbp
16ridx,575ul6
1891p8,681xuq
17lyvo,77hrix
15vy9z,8mxipq
16bt8r,7gg9oe
168j4f,32gq5p
15vbxn,1t44l6
17g73i,2o6z1d
1600xi,1tmdhu
1817ac,4uinrg
16rmao,60d24g
15x1z7,30n9tm
16h5hw,345dph
1756v5,2d92ln
16dpma,4l5tqq
15wvh5,1cgk84
16uwu2,5547s4
167w1o,2p7y8t
17ixd0,7gccyn
18g1tm,4ludnh
168aex,2t82pu
17dl9p,4bzm4l
18m5cg,8qy37k
16k0nm,5gsytx
17usff,96r6oo
166ppc,83c5am
18b72p,1apg1w
180f95,18lk0o
17k0x9,4imai0
15tiqy,1r88ja
16bzzk,90e915
1667hn,3z6ptf
17919i,4dj8h8
15tp1a,3njwt3
18cxro,4ea14a
17tyc1,64eu08
18b8pf,7xhb4p
15zn97,18f765
15t93s,7tp01o
181irk,2iakmw
3w1k7p,6emdp3
16xxh3,5ynrff
166ppc,7knwor
17zdtj,3j3uzd
180grc,35wble
1keag0,2e3ce5
16g4u9,7klcrz
18r17f,7yzfc8
gw39ha,4jz4kx
dghfbt,4usplx
gw8uj4,47f2dx
17bbwk,6euf74
16iok7,6o8454
239ggj,8e1a7i
153gep,3e7yd6
16mbne,729oes
18sdvi,1d8jg5
